h3,dist_health_m,dist_health_straight_m,nearest_facility,nearest_facility_osm,nearest_is_outside_pilot
8942e441927ffff,1770.7,1362.1,Star Charitable Clinic,node/4769985102,True
8942e44192fffff,1762.7,1355.9,Star Charitable Clinic,node/4769985102,True
8942e44c417ffff,1389.7,1069.0,The New Revival Kainat Clinic Maternity Home,node/5103425089,False
8942e44c433ffff,1381.3,1062.6,The New Revival Kainat Clinic Maternity Home,node/5103425089,False
8942e44c437ffff,1305.9,1004.6,The New Revival Kainat Clinic Maternity Home,node/5103425089,False
8942e44c483ffff,1278.6,983.5,Razia Sultana Hospital,node/5135474730,False
8942e44c487ffff,989.1,760.8,Razia Sultana Hospital,node/5135474730,False
8942e44c48bffff,1543.9,1187.7,Landhi 3 Dispensary Landhi Town,node/5135309390,False
8942e44c48fffff,1362.9,1048.4,Razia Sultana Hospital,node/5135474730,False
8942e44c493ffff,892.7,686.7,Landhi 3 Dispensary Landhi Town,node/5135309390,False
8942e44c497ffff,889.9,684.5,Razia Sultana Hospital,node/5135474730,False
8942e44c49bffff,1257.1,967.0,Landhi 3 Dispensary Landhi Town,node/5135309390,False
8942e44c4a3ffff,768.2,590.9,The New Revival Kainat Clinic Maternity Home,node/5103425089,False
8942e44c4a7ffff,609.3,468.7,The New Revival Kainat Clinic Maternity Home,node/5103425089,False
8942e44c4abffff,1193.9,918.4,The New Revival Kainat Clinic Maternity Home,node/5103425089,False
8942e44c4afffff,1014.0,780.0,The New Revival Kainat Clinic Maternity Home,node/5103425089,False
8942e44c4b3ffff,757.4,582.6,The New Revival Kainat Clinic Maternity Home,node/5103425089,False
8942e44c4b7ffff,353.3,271.7,The New Revival Kainat Clinic Maternity Home,node/5103425089,False
8942e44c4bbffff,1103.3,848.7,The New Revival Kainat Clinic Maternity Home,node/5103425089,False
8942e44c4c3ffff,2040.3,1569.4,Landhi 3 Dispensary Landhi Town,node/5135309390,False
8942e44c4cbffff,2241.1,1723.9,Rais Clinic Dr Toqeer Ahmed,node/5135309365,False
8942e44c4d3ffff,1770.0,1361.6,Landhi 3 Dispensary Landhi Town,node/5135309390,False
8942e44c4d7ffff,1652.3,1271.0,Landhi 3 Dispensary Landhi Town,node/5135309390,False
8942e44c4dbffff,1863.8,1433.7,Rais Clinic Dr Toqeer Ahmed,node/5135309365,False
8942e44c583ffff,546.2,420.1,Nawab Medical Complex,node/5103425098,False
8942e44c58bffff,148.7,114.4,Nawab Medical Complex,node/5103425098,False
8942e44c593ffff,839.4,645.7,Nawab Medical Complex,node/5103425098,False
8942e44c597ffff,862.4,663.4,Nawab Medical Complex,node/5103425098,False
8942e44c59bffff,480.2,369.4,Nawab Medical Complex,node/5103425098,False
8942e44c5c3ffff,632.0,486.1,Nawab Medical Complex,node/5103425098,False
8942e44c5cbffff,961.4,739.6,Nawab Medical Complex,node/5103425098,False
8942e44c5d3ffff,748.6,575.9,The New Revival Kainat Clinic Maternity Home,node/5103425089,False
8942e44c5d7ffff,356.1,273.9,Nawab Medical Complex,node/5103425098,False
8942e44c5dbffff,1019.4,784.2,The New Revival Kainat Clinic Maternity Home,node/5103425089,False
8942e44e003ffff,1767.7,1359.8,Shahid Clinic,node/5133028124,False
8942e44e007ffff,1402.5,1078.9,Shahid Clinic,node/5133028124,False
8942e44e00bffff,1788.4,1375.7,Shahid Clinic,node/5133028124,False
8942e44e00fffff,1364.7,1049.8,Shahid Clinic,node/5133028124,False
8942e44e013ffff,1978.2,1521.7,baji house,node/5063378221,True
8942e44e017ffff,1566.6,1205.1,baji house,node/5063378221,True
8942e44e01bffff,2165.8,1666.0,Shahid Clinic,node/5133028124,False
8942e44e023ffff,644.2,495.6,Shahid Clinic,node/5133028124,False
8942e44e027ffff,534.7,411.3,Shahid Clinic,node/5133028124,False
8942e44e02bffff,569.1,437.8,Shahid Clinic,node/5133028124,False
8942e44e02fffff,185.2,142.4,Shahid Clinic,node/5133028124,False
8942e44e033ffff,1101.8,847.5,Shahid Clinic,node/5133028124,False
8942e44e037ffff,848.3,652.5,Shahid Clinic,node/5133028124,False
8942e44e03bffff,966.7,743.6,Shahid Clinic,node/5133028124,False
8942e44e043ffff,1542.5,1186.6,Meternity Homes Hospital,node/12141836078,False
8942e44e047ffff,1667.7,1282.9,Landhi Medical Complex,node/5156598714,False
8942e44e04bffff,1133.6,872.0,Meternity Homes Hospital,node/12141836078,False
8942e44e04fffff,1327.5,1021.2,Al Razi Hospital,node/5133370625,False
8942e44e053ffff,1573.9,1210.7,Alhameed Welvear Medical Store,node/12139620326,False
8942e44e057ffff,1960.6,1508.2,Meternity Homes Hospital,node/12141836078,False
8942e44e05bffff,1279.8,984.5,Meternity Homes Hospital,node/12141836078,False
8942e44e063ffff,1207.0,928.5,Landhi Cardiac Emergency Center,node/5127759865,False
8942e44e067ffff,776.6,597.4,Shahid Clinic,node/5133028124,False
8942e44e06bffff,829.2,637.9,Landhi Medical Complex,node/5156598714,False
8942e44e06fffff,788.1,606.2,Landhi Cardiac Emergency Center,node/5127759865,False
8942e44e073ffff,1458.7,1122.1,Shahid Clinic,node/5133028124,False
8942e44e077ffff,1010.8,777.6,Shahid Clinic,node/5133028124,False
8942e44e07bffff,1234.3,949.5,Landhi Medical Complex,node/5156598714,False
8942e44e083ffff,1898.1,1460.1,baji house,node/5063378221,True
8942e44e087ffff,1492.4,1148.0,baji house,node/5063378221,True
8942e44e08bffff,2122.9,1633.0,baji house,node/5063378221,True
8942e44e08fffff,1678.6,1291.2,baji house,node/5063378221,True
8942e44e093ffff,1873.1,1440.9,Zia Clinic,node/5287119643,True
8942e44e097ffff,1667.3,1282.5,Zia Clinic,node/5287119643,True
8942e44e09bffff,2273.5,1748.8,Zia Clinic,node/5287119643,True
8942e44e0abffff,1207.3,928.7,baji house,node/5063378221,True
8942e44e0bbffff,1255.2,965.5,baji house,node/5063378221,True
8942e44e0c3ffff,1918.4,1475.7,Alhameed Welvear Medical Store,node/12139620326,False
8942e44e0c7ffff,2275.3,1750.2,Alhameed Welvear Medical Store,node/12139620326,False
8942e44e0cbffff,1524.3,1172.5,Alhameed Welvear Medical Store,node/12139620326,False
8942e44e0cfffff,1908.4,1468.0,Alhameed Welvear Medical Store,node/12139620326,False
8942e44e0d3ffff,2034.8,1565.2,Alhameed Welvear Medical Store,node/12139620326,False
8942e44e0d7ffff,2325.4,1788.7,Alhameed Welvear Medical Store,node/12139620326,False
8942e44e0dbffff,1609.8,1238.3,Alhameed Welvear Medical Store,node/12139620326,False
8942e44e143ffff,513.6,395.1,Azizullah Medical & General Store,node/5130682847,False
8942e44e14bffff,425.4,327.2,Azizullah Medical & General Store,node/5130682847,False
8942e44e153ffff,589.4,453.4,Aziz Medical Centre,node/5130682846,False
8942e44e15bffff,250.5,192.7,Azizullah Medical & General Store,node/5130682847,False
8942e44e203ffff,162.0,124.6,Al Massiha Hospital,node/5133527581,False
8942e44e207ffff,231.4,178.0,Fouzia Clinic,node/5133425771,False
8942e44e20bffff,491.2,377.9,Al Massiha Hospital,node/5133527581,False
8942e44e20fffff,616.2,474.0,Al Massiha Hospital,node/5133527581,False
8942e44e213ffff,307.4,236.5,Al Massiha Hospital,node/5133527581,False
8942e44e217ffff,249.3,191.8,MALC Landhi Leprosy Centre,node/5133425777,False
8942e44e21bffff,59.9,46.1,Baldia Hospital,node/5133527584,False
8942e44e223ffff,163.8,126.0,Landhi 3 Dispensary Landhi Town,node/5135309390,False
8942e44e227ffff,362.2,278.6,Karachi Homoeopathic Medical College & Hospital,node/5133363020,False
8942e44e22bffff,498.4,383.4,Landhi 3 Dispensary Landhi Town,node/5135309390,False
8942e44e22fffff,619.3,476.4,Landhi 3 Dispensary Landhi Town,node/5135309390,False
8942e44e233ffff,171.5,131.9,Al Masiha Hospital,node/5130354321,False
8942e44e237ffff,62.2,47.8,Awadh Hospital,node/5130354327,False
8942e44e23bffff,348.5,268.1,Landhi 3 Dispensary Landhi Town,node/5135309390,False
8942e44e243ffff,553.1,425.5,Rais Clinic Dr Toqeer Ahmed,node/5135309365,False
8942e44e247ffff,788.8,606.8,Baldia Hospital,node/5133527584,False
8942e44e24bffff,231.9,178.4,Rais Clinic Dr Toqeer Ahmed,node/5135309365,False
8942e44e24fffff,682.3,524.8,Rais Clinic Dr Toqeer Ahmed,node/5135309365,False
8942e44e253ffff,398.9,306.9,Abbasi Clinic,node/5133527609,False
8942e44e257ffff,367.5,282.7,doctor ansari clicnic,node/5133527593,False
8942e44e25bffff,352.2,270.9,Rais Clinic Dr Toqeer Ahmed,node/5135309365,False
8942e44e263ffff,1136.3,874.0,Landhi 3 Dispensary Landhi Town,node/5135309390,False
8942e44e267ffff,916.5,705.0,Landhi 3 Dispensary Landhi Town,node/5135309390,False
8942e44e26bffff,1447.8,1113.7,Rais Clinic Dr Toqeer Ahmed,node/5135309365,False
8942e44e26fffff,1342.2,1032.5,Landhi 3 Dispensary Landhi Town,node/5135309390,False
8942e44e273ffff,886.8,682.2,Al Massiha Hospital,node/5133527581,False
8942e44e277ffff,722.0,555.4,Landhi 3 Dispensary Landhi Town,node/5135309390,False
8942e44e27bffff,1133.7,872.1,Rais Clinic Dr Toqeer Ahmed,node/5135309365,False
8942e44e283ffff,419.5,322.7,Meternity Homes Hospital,node/12141836078,False
8942e44e287ffff,748.9,576.0,Meternity Homes Hospital,node/12141836078,False
8942e44e28bffff,13.9,10.7,Meternity Homes Hospital,node/12141836078,False
8942e44e28fffff,454.7,349.8,Meternity Homes Hospital,node/12141836078,False
8942e44e293ffff,688.9,529.9,Alhameed Welvear Medical Store,node/12139620326,False
8942e44e297ffff,849.6,653.6,Meternity Homes Hospital,node/12141836078,False
8942e44e29bffff,446.4,343.4,Meternity Homes Hospital,node/12141836078,False
8942e44e2a3ffff,580.8,446.8,Al Razi Hospital,node/5133370625,False
8942e44e2a7ffff,481.7,370.5,Landhi Medical Complex,node/5156598714,False
8942e44e2abffff,296.8,228.3,Fouzia Clinic,node/5133425771,False
8942e44e2afffff,148.2,114.0,Al Razi Hospital,node/5133370625,False
8942e44e2b3ffff,942.2,724.8,Fouzia Clinic,node/5133425771,False
8942e44e2b7ffff,912.8,702.2,Al Razi Hospital,node/5133370625,False
8942e44e2bbffff,539.6,415.1,Fouzia Clinic,node/5133425771,False
8942e44e2c3ffff,418.3,321.8,Govt Dispensary,node/12141919384,False
8942e44e2c7ffff,90.2,69.4,AISHA ABEDIN CLINIC & MATERNITY HOME,node/12141823780,False
8942e44e2cbffff,34.3,26.4,Behtar Zindagi Center Korangi,node/5135061566,False
8942e44e2cfffff,214.4,164.9,doctor ansari clicnic,node/5133527593,False
8942e44e2d3ffff,740.7,569.8,JIQ hospital,node/12142129726,True
8942e44e2d7ffff,449.2,345.5,Meternity Homes Hospital,node/12141836078,False
8942e44e2dbffff,376.3,289.5,JIQ hospital,node/12142129726,True
8942e44e303ffff,863.4,664.2,Khatak Hospital,node/5133048481,False
8942e44e307ffff,467.8,359.8,Khatak Hospital,node/5133048481,False
8942e44e30bffff,617.4,474.9,Razia Sultana Hospital,node/5135474730,False
8942e44e30fffff,880.9,677.6,Khatak Hospital,node/5133048481,False
8942e44e313ffff,914.9,703.8,Landhi Cardiac Emergency Center,node/5127759865,False
8942e44e317ffff,543.6,418.1,Shah General Hospital,node/5143340852,False
8942e44e31bffff,735.0,565.4,Razia Sultana Hospital,node/5135474730,False
8942e44e323ffff,762.2,586.3,Khatak Hospital,node/5133048481,False
8942e44e32bffff,1077.6,828.9,Khatak Hospital,node/5133048481,False
8942e44e32fffff,1185.1,911.6,Nawab Medical Complex,node/5103425098,False
8942e44e333ffff,331.2,254.7,Khatak Hospital,node/5133048481,False
8942e44e33bffff,692.2,532.5,Khatak Hospital,node/5133048481,False
8942e44e343ffff,138.1,106.3,Razia Sultana Hospital,node/5135474730,False
8942e44e347ffff,356.9,274.5,Razia Sultana Hospital,node/5135474730,False
8942e44e34bffff,560.1,430.8,Razia Sultana Hospital,node/5135474730,False
8942e44e34fffff,493.6,379.7,Razia Sultana Hospital,node/5135474730,False
8942e44e353ffff,210.6,162.0,Karachi Homoeopathic Medical College & Hospital,node/5133363020,False
8942e44e357ffff,307.6,236.6,Razia Sultana Hospital,node/5135474730,False
8942e44e35bffff,552.3,424.8,Karachi Homoeopathic Medical College & Hospital,node/5133363020,False
8942e44e363ffff,409.0,314.6,The New Revival Kainat Clinic Maternity Home,node/5103425089,False
8942e44e367ffff,844.5,649.6,The New Revival Kainat Clinic Maternity Home,node/5103425089,False
8942e44e36bffff,290.1,223.2,The New Revival Kainat Clinic Maternity Home,node/5103425089,False
8942e44e36fffff,672.1,517.0,The New Revival Kainat Clinic Maternity Home,node/5103425089,False
8942e44e373ffff,551.7,424.4,The New Revival Kainat Clinic Maternity Home,node/5103425089,False
8942e44e377ffff,787.7,605.9,The New Revival Kainat Clinic Maternity Home,node/5103425089,False
8942e44e37bffff,171.9,132.2,The New Revival Kainat Clinic Maternity Home,node/5103425089,False
8942e44e383ffff,606.6,466.6,Shahid Clinic,node/5133028124,False
8942e44e387ffff,606.6,466.6,Azizullah Medical & General Store,node/5130682847,False
8942e44e38bffff,774.3,595.6,Landhi Cardiac Emergency Center,node/5127759865,False
8942e44e38fffff,787.4,605.7,Shah General Hospital,node/5143340852,False
8942e44e393ffff,367.5,282.7,Shahid Clinic,node/5133028124,False
8942e44e397ffff,190.6,146.6,Azizullah Medical & General Store,node/5130682847,False
8942e44e39bffff,778.5,598.9,Shahid Clinic,node/5133028124,False
8942e44e3abffff,194.2,149.4,Khatak Hospital,node/5133048481,False
8942e44e3b3ffff,587.3,451.8,Shah General Hospital,node/5143340852,False
8942e44e3bbffff,366.2,281.7,Shah General Hospital,node/5143340852,False
8942e44e3c3ffff,24.8,19.1,Landhi Cardiac Emergency Center,node/5127759865,False
8942e44e3c7ffff,463.4,356.5,Landhi Cardiac Emergency Center,node/5127759865,False
8942e44e3cbffff,249.7,192.1,Karachi Homoeopathic Medical College & Hospital,node/5133363020,False
8942e44e3cfffff,392.2,301.7,Karachi Homoeopathic Medical College & Hospital,node/5133363020,False
8942e44e3d3ffff,466.5,358.8,Urban Health Center Babar Market Landhi,node/5127759864,False
8942e44e3d7ffff,455.0,350.0,Landhi Cardiac Emergency Center,node/5127759865,False
8942e44e3dbffff,98.4,75.7,Landhi Medical Complex,node/5156598714,False
8942e44e403ffff,1378.6,1060.4,Al Nas Hospital,node/5130354341,True
8942e44e407ffff,1189.4,914.9,Al Nas Hospital,node/5130354341,True
8942e44e40bffff,1740.4,1338.8,Al Nas Hospital,node/5130354341,True
8942e44e40fffff,1473.3,1133.3,Al Nas Hospital,node/5130354341,True
8942e44e413ffff,1394.7,1072.9,Danish Medical Center,node/12238694219,True
8942e44e41bffff,1690.3,1300.2,Al Nas Hospital,node/5130354341,True
8942e44e42bffff,1666.5,1282.0,Al Nas Hospital,node/5130354341,True
8942e44e43bffff,1354.2,1041.7,Al Nas Hospital,node/5130354341,True
8942e44e443ffff,2470.7,1900.6,Al Nas Hospital,node/5130354341,True
8942e44e447ffff,2158.6,1660.5,Al Nas Hospital,node/5130354341,True
8942e44e44bffff,2436.4,1874.1,Alhameed Welvear Medical Store,node/12139620326,False
8942e44e44fffff,2434.5,1872.7,Alhameed Welvear Medical Store,node/12139620326,False
8942e44e453ffff,2188.6,1683.6,Star Charitable Clinic,node/4769985102,True
8942e44e457ffff,2072.6,1594.3,Al Nas Hospital,node/5130354341,True
8942e44e45bffff,2111.1,1623.9,Star Charitable Clinic,node/4769985102,True
8942e44e463ffff,2153.7,1656.7,Al Nas Hospital,node/5130354341,True
8942e44e467ffff,2059.1,1583.9,Al Nas Hospital,node/5130354341,True
8942e44e46bffff,2241.0,1723.9,Alhameed Welvear Medical Store,node/12139620326,False
8942e44e46fffff,2461.6,1893.5,Alhameed Welvear Medical Store,node/12139620326,False
8942e44e473ffff,1903.4,1464.1,Al Nas Hospital,node/5130354341,True
8942e44e477ffff,1730.4,1331.1,Al Nas Hospital,node/5130354341,True
8942e44e47bffff,2333.5,1795.0,Al Nas Hospital,node/5130354341,True
8942e44e4c3ffff,1760.5,1354.2,Cardio Surgery Centre,node/5156794553,True
8942e44e4c7ffff,1519.8,1169.1,Danish Medical Center,node/12238694219,True
8942e44e4cbffff,1898.6,1460.5,Star Charitable Clinic,node/4769985102,True
8942e44e4cfffff,1941.9,1493.7,Danish Medical Center,node/12238694219,True
8942e44e4d7ffff,1391.8,1070.6,Cardio Surgery Centre,node/5156794553,True
8942e44e603ffff,1063.5,818.1,Alhameed Welvear Medical Store,node/12139620326,False
8942e44e607ffff,903.8,695.3,Alhameed Welvear Medical Store,node/12139620326,False
8942e44e60bffff,727.4,559.5,Sarwat Clinic,node/5133028121,False
8942e44e60fffff,604.4,464.9,Alhameed Welvear Medical Store,node/12139620326,False
8942e44e613ffff,1254.7,965.2,Sarwat Clinic,node/5133028121,False
8942e44e617ffff,1332.2,1024.7,Alhameed Welvear Medical Store,node/12139620326,False
8942e44e61bffff,824.5,634.2,Sarwat Clinic,node/5133028121,False
8942e44e623ffff,777.7,598.3,Alhameed Welvear Medical Store,node/12139620326,False
8942e44e627ffff,1156.2,889.4,Alhameed Welvear Medical Store,node/12139620326,False
8942e44e62bffff,408.5,314.3,Alhameed Welvear Medical Store,node/12139620326,False
8942e44e62fffff,848.9,653.0,Alhameed Welvear Medical Store,node/12139620326,False
8942e44e633ffff,954.4,734.2,Alhameed Welvear Medical Store,node/12139620326,False
8942e44e637ffff,1188.7,914.4,Alhameed Welvear Medical Store,node/12139620326,False
8942e44e63bffff,530.1,407.8,Alhameed Welvear Medical Store,node/12139620326,False
8942e44e643ffff,36.8,28.3,Sarwat Clinic,node/5133028121,False
8942e44e647ffff,443.5,341.2,Sarwat Clinic,node/5133028121,False
8942e44e64bffff,345.9,266.0,Sarwat Clinic,node/5133028121,False
8942e44e64fffff,455.2,350.2,Sarwat Clinic,node/5133028121,False
8942e44e653ffff,335.3,257.9,Sarwat Clinic,node/5133028121,False
8942e44e657ffff,394.3,303.3,Sarwat Clinic,node/5133028121,False
8942e44e663ffff,58.1,44.7,Finger steel ring cutting master,node/12140157270,False
8942e44e667ffff,314.8,242.2,Alhameed Welvear Medical Store,node/12139620326,False
8942e44e66bffff,451.4,347.2,Finger steel ring cutting master,node/12140157270,False
8942e44e66fffff,516.3,397.1,Finger steel ring cutting master,node/12140157270,False
8942e44e673ffff,402.4,309.5,Finger steel ring cutting master,node/12140157270,False
8942e44e677ffff,146.1,112.4,Alhameed Welvear Medical Store,node/12139620326,False
8942e44e67bffff,412.9,317.6,Finger steel ring cutting master,node/12140157270,False
8942e44e683ffff,1948.2,1498.6,Sarwat Clinic,node/5133028121,False
8942e44e687ffff,2088.0,1606.2,Alhameed Welvear Medical Store,node/12139620326,False
8942e44e68bffff,1528.8,1176.0,Sarwat Clinic,node/5133028121,False
8942e44e68fffff,1684.9,1296.1,Sarwat Clinic,node/5133028121,False
8942e44e693ffff,1865.5,1435.0,Star Charitable Clinic,node/4769985102,True
8942e44e697ffff,2119.8,1630.6,Star Charitable Clinic,node/4769985102,True
8942e44e6a3ffff,1682.5,1294.2,Alhameed Welvear Medical Store,node/12139620326,False
8942e44e6a7ffff,1811.5,1393.4,Alhameed Welvear Medical Store,node/12139620326,False
8942e44e6abffff,1280.1,984.7,Alhameed Welvear Medical Store,node/12139620326,False
8942e44e6afffff,1382.4,1063.4,Alhameed Welvear Medical Store,node/12139620326,False
8942e44e6b3ffff,2042.7,1571.3,Alhameed Welvear Medical Store,node/12139620326,False
8942e44e6b7ffff,2096.0,1612.3,Alhameed Welvear Medical Store,node/12139620326,False
8942e44e6bbffff,1669.9,1284.5,Alhameed Welvear Medical Store,node/12139620326,False
8942e44e6c7ffff,1114.7,857.5,Sarwat Clinic,node/5133028121,False
8942e44e6cfffff,703.6,541.2,Sarwat Clinic,node/5133028121,False
8942e44f107ffff,1599.2,1230.2,Rais Clinic Dr Toqeer Ahmed,node/5135309365,False
8942e44f117ffff,1163.7,895.1,Rais Clinic Dr Toqeer Ahmed,node/5135309365,False
8942e44f123ffff,2114.3,1626.4,Rais Clinic Dr Toqeer Ahmed,node/5135309365,False
8942e44f127ffff,2334.7,1795.9,Rais Clinic Dr Toqeer Ahmed,node/5135309365,False
8942e44f133ffff,1750.9,1346.8,Rais Clinic Dr Toqeer Ahmed,node/5135309365,False
8942e44f137ffff,1997.1,1536.3,Rais Clinic Dr Toqeer Ahmed,node/5135309365,False
8942e44f183ffff,545.5,419.6,Rais Clinic Dr Toqeer Ahmed,node/5135309365,False
8942e44f187ffff,414.3,318.7,Rais Clinic Dr Toqeer Ahmed,node/5135309365,False
8942e44f18fffff,727.6,559.7,Rais Clinic Dr Toqeer Ahmed,node/5135309365,False
8942e44f193ffff,607.0,466.9,Rais Clinic Dr Toqeer Ahmed,node/5135309365,False
8942e44f197ffff,223.9,172.3,Rais Clinic Dr Toqeer Ahmed,node/5135309365,False
8942e44f1a3ffff,1085.4,834.9,Rais Clinic Dr Toqeer Ahmed,node/5135309365,False
8942e44f1a7ffff,1431.6,1101.2,Rais Clinic Dr Toqeer Ahmed,node/5135309365,False
8942e44f1abffff,1295.9,996.9,Rais Clinic Dr Toqeer Ahmed,node/5135309365,False
8942e44f1afffff,1540.3,1184.8,Rais Clinic Dr Toqeer Ahmed,node/5135309365,False
8942e44f1b3ffff,636.5,489.6,Rais Clinic Dr Toqeer Ahmed,node/5135309365,False
8942e44f1b7ffff,1023.1,787.0,Rais Clinic Dr Toqeer Ahmed,node/5135309365,False
8942e44f1bbffff,845.4,650.3,Rais Clinic Dr Toqeer Ahmed,node/5135309365,False
8942e44f527ffff,370.4,285.0,Abbasi Clinic,node/5133527609,False
8942e44f52fffff,565.2,434.8,Rais Clinic Dr Toqeer Ahmed,node/5135309365,False
8942e44f5a7ffff,688.2,529.4,JIQ hospital,node/12142129726,True
8942e44f5afffff,507.5,390.4,JIQ hospital,node/12142129726,True
