h3,population,people_over60,people_under5,share_over60,share_under5,flags
8942e441927ffff,1315.03,76.36,125.16,0.05807,0.09517,
8942e44192fffff,297.83,14.49,31.39,0.04865,0.10538,
8942e44c417ffff,30.02,1.34,3.29,0.04473,0.10965,
8942e44c433ffff,90.07,4.03,9.88,0.04473,0.10964,
8942e44c437ffff,40.03,1.79,4.39,0.04473,0.10964,
8942e44c483ffff,1894.3,117.48,172.18,0.06202,0.09089,
8942e44c487ffff,290.22,12.98,31.82,0.04473,0.10964,
8942e44c48bffff,581.26,35.36,53.58,0.06083,0.09218,
8942e44c48fffff,776.2,41.74,77.49,0.05377,0.09984,
8942e44c493ffff,2435.52,151.05,221.37,0.06202,0.09089,
8942e44c497ffff,1508.39,93.2,137.48,0.06179,0.09114,
8942e44c49bffff,0.0,0.0,0.0,,,no_population
8942e44c4a3ffff,250.19,11.19,27.43,0.04473,0.10964,
8942e44c4a7ffff,730.55,32.68,80.1,0.04473,0.10964,
8942e44c4abffff,60.04,2.69,6.58,0.04473,0.10965,
8942e44c4afffff,230.17,10.3,25.24,0.04473,0.10965,
8942e44c4b3ffff,310.23,13.88,34.02,0.04473,0.10965,
8942e44c4b7ffff,470.35,21.04,51.57,0.04473,0.10964,
8942e44c4bbffff,170.13,7.61,18.65,0.04473,0.10964,
8942e44c4c3ffff,20.01,0.9,2.19,0.04474,0.10967,
8942e44c4cbffff,0.0,0.0,0.0,,,no_population
8942e44c4d3ffff,20.01,0.9,2.19,0.04474,0.10967,
8942e44c4d7ffff,40.03,1.79,4.39,0.04473,0.10964,
8942e44c4dbffff,77.66,4.64,7.25,0.05979,0.09331,
8942e44c583ffff,350.26,15.67,38.4,0.04473,0.10965,
8942e44c58bffff,390.29,17.46,42.79,0.04473,0.10964,
8942e44c593ffff,770.58,34.47,84.49,0.04473,0.10964,
8942e44c597ffff,380.28,17.01,41.7,0.04473,0.10965,
8942e44c59bffff,620.46,27.75,68.03,0.04473,0.10965,
8942e44c5c3ffff,770.58,34.47,84.49,0.04473,0.10964,
8942e44c5cbffff,40.03,1.79,4.39,0.04473,0.10964,
8942e44c5d3ffff,730.55,32.68,80.1,0.04473,0.10964,
8942e44c5d7ffff,790.59,35.36,86.68,0.04473,0.10964,
8942e44c5dbffff,550.41,24.62,60.35,0.04473,0.10964,
8942e44e003ffff,190.14,8.5,20.85,0.04473,0.10965,
8942e44e007ffff,187.74,9.57,19.32,0.05096,0.10289,
8942e44e00bffff,610.46,27.3,66.93,0.04473,0.10964,
8942e44e00fffff,460.34,20.59,50.47,0.04473,0.10965,
8942e44e013ffff,135.31,8.39,12.3,0.06202,0.09089,
8942e44e017ffff,202.96,12.59,18.45,0.06202,0.09089,
8942e44e01bffff,90.07,4.03,9.88,0.04473,0.10964,
8942e44e023ffff,1690.51,95.5,163.79,0.05649,0.09689,
8942e44e027ffff,708.54,37.54,71.35,0.05298,0.10069,
8942e44e02bffff,790.59,35.36,86.68,0.04473,0.10964,
8942e44e02fffff,750.56,33.57,82.29,0.04473,0.10964,
8942e44e033ffff,1518.4,93.65,138.58,0.06168,0.09126,
8942e44e037ffff,0.0,0.0,0.0,,,no_population
8942e44e03bffff,610.46,27.3,66.93,0.04473,0.10964,
8942e44e043ffff,730.55,32.68,80.1,0.04473,0.10964,
8942e44e047ffff,630.47,28.2,69.13,0.04473,0.10964,
8942e44e04bffff,640.48,28.65,70.22,0.04473,0.10964,
8942e44e04fffff,700.52,31.33,76.81,0.04473,0.10965,
8942e44e053ffff,630.47,28.2,69.13,0.04473,0.10964,
8942e44e057ffff,540.4,24.17,59.25,0.04473,0.10965,
8942e44e05bffff,720.54,32.23,79.0,0.04473,0.10964,
8942e44e063ffff,760.57,34.02,83.39,0.04473,0.10964,
8942e44e067ffff,660.49,29.54,72.42,0.04473,0.10965,
8942e44e06bffff,550.41,24.62,60.35,0.04473,0.10964,
8942e44e06fffff,500.37,22.38,54.86,0.04473,0.10965,
8942e44e073ffff,730.55,32.68,80.1,0.04473,0.10964,
8942e44e077ffff,790.59,35.36,86.68,0.04473,0.10964,
8942e44e07bffff,700.52,31.33,76.81,0.04473,0.10965,
8942e44e083ffff,0.0,0.0,0.0,,,no_population
8942e44e087ffff,0.0,0.0,0.0,,,no_population
8942e44e08bffff,0.0,0.0,0.0,,,no_population
8942e44e08fffff,0.0,0.0,0.0,,,no_population
8942e44e093ffff,0.0,0.0,0.0,,,no_population
8942e44e097ffff,0.0,0.0,0.0,,,no_population
8942e44e09bffff,0.0,0.0,0.0,,,no_population
8942e44e0abffff,67.65,4.2,6.15,0.06202,0.0909,
8942e44e0bbffff,0.0,0.0,0.0,,,no_population
8942e44e0c3ffff,260.19,11.64,28.53,0.04473,0.10965,
8942e44e0c7ffff,160.12,7.16,17.56,0.04473,0.10964,
8942e44e0cbffff,320.24,14.32,35.11,0.04473,0.10964,
8942e44e0cfffff,140.1,6.27,15.36,0.04473,0.10965,
8942e44e0d3ffff,30.02,1.34,3.29,0.04473,0.10965,
8942e44e0d7ffff,50.04,2.24,5.49,0.04473,0.10964,
8942e44e0dbffff,350.26,15.67,38.4,0.04473,0.10965,
8942e44e143ffff,100.07,4.48,10.97,0.04473,0.10965,
8942e44e14bffff,480.36,21.49,52.67,0.04473,0.10964,
8942e44e153ffff,80.06,3.58,8.78,0.04473,0.10964,
8942e44e15bffff,540.4,24.17,59.25,0.04473,0.10965,
8942e44e203ffff,2164.91,134.26,196.78,0.06202,0.09089,
8942e44e207ffff,3788.59,234.96,344.36,0.06202,0.09089,
8942e44e20bffff,811.84,50.35,73.79,0.06202,0.09089,
8942e44e20fffff,405.92,25.17,36.9,0.06202,0.09089,
8942e44e213ffff,3517.98,218.18,319.76,0.06202,0.09089,
8942e44e217ffff,3112.06,193.0,282.87,0.06202,0.09089,
8942e44e21bffff,1961.95,121.68,178.33,0.06202,0.09089,
8942e44e223ffff,3179.71,197.2,289.02,0.06202,0.09089,
8942e44e227ffff,4194.51,260.14,381.26,0.06202,0.09089,
8942e44e22bffff,811.84,50.35,73.79,0.06202,0.09089,
8942e44e22fffff,3179.71,197.2,289.02,0.06202,0.09089,
8942e44e233ffff,1961.95,121.68,178.33,0.06202,0.09089,
8942e44e237ffff,3991.55,247.55,362.81,0.06202,0.09089,
8942e44e23bffff,3112.06,193.0,282.87,0.06202,0.09089,
8942e44e243ffff,1353.07,83.91,122.99,0.06202,0.09089,
8942e44e247ffff,0.0,0.0,0.0,,,no_population
8942e44e24bffff,3450.33,213.98,313.61,0.06202,0.09089,
8942e44e24fffff,2570.83,159.44,233.67,0.06202,0.09089,
8942e44e253ffff,2164.91,134.26,196.78,0.06202,0.09089,
8942e44e257ffff,2570.83,159.44,233.67,0.06202,0.09089,
8942e44e25bffff,2570.83,159.44,233.67,0.06202,0.09089,
8942e44e263ffff,135.31,8.39,12.3,0.06202,0.09089,
8942e44e267ffff,811.84,50.35,73.79,0.06202,0.09089,
8942e44e26bffff,0.0,0.0,0.0,,,no_population
8942e44e26fffff,0.0,0.0,0.0,,,no_population
8942e44e273ffff,202.96,12.59,18.45,0.06202,0.09089,
8942e44e277ffff,135.31,8.39,12.3,0.06202,0.09089,
8942e44e27bffff,0.0,0.0,0.0,,,no_population
8942e44e283ffff,2445.53,151.49,222.47,0.06195,0.09097,
8942e44e287ffff,923.91,49.51,92.42,0.05359,0.10003,
8942e44e28bffff,3112.06,193.0,282.87,0.06202,0.09089,
8942e44e28fffff,3991.55,247.55,362.81,0.06202,0.09089,
8942e44e293ffff,3026.79,186.85,276.06,0.06173,0.0912,
8942e44e297ffff,1610.45,91.92,155.01,0.05708,0.09625,
8942e44e29bffff,2164.91,134.26,196.78,0.06202,0.09089,
8942e44e2a3ffff,2069.22,122.97,193.9,0.05943,0.09371,
8942e44e2a7ffff,933.92,49.96,93.52,0.0535,0.10014,
8942e44e2abffff,3179.71,197.2,289.02,0.06202,0.09089,
8942e44e2afffff,4803.4,297.9,436.6,0.06202,0.09089,
8942e44e2b3ffff,620.46,27.75,68.03,0.04473,0.10965,
8942e44e2b7ffff,670.5,29.99,73.52,0.04473,0.10964,
8942e44e2bbffff,4459.92,274.35,407.82,0.06151,0.09144,
8942e44e2c3ffff,3788.59,234.96,344.36,0.06202,0.09089,
8942e44e2c7ffff,3382.67,209.79,307.46,0.06202,0.09089,
8942e44e2cbffff,3788.59,234.96,344.36,0.06202,0.09089,
8942e44e2cfffff,2435.52,151.05,221.37,0.06202,0.09089,
8942e44e2d3ffff,3112.06,193.0,282.87,0.06202,0.09089,
8942e44e2d7ffff,2976.75,184.61,270.57,0.06202,0.09089,
8942e44e2dbffff,1961.95,121.68,178.33,0.06202,0.09089,
8942e44e303ffff,740.55,33.12,81.2,0.04473,0.10965,
8942e44e307ffff,370.28,16.56,40.6,0.04473,0.10964,
8942e44e30bffff,650.49,29.1,71.32,0.04473,0.10964,
8942e44e30fffff,670.5,29.99,73.52,0.04473,0.10964,
8942e44e313ffff,610.46,27.3,66.93,0.04473,0.10964,
8942e44e317ffff,450.34,20.14,49.38,0.04473,0.10964,
8942e44e31bffff,510.38,22.83,55.96,0.04473,0.10964,
8942e44e323ffff,340.25,15.22,37.31,0.04473,0.10965,
8942e44e32bffff,580.43,25.96,63.64,0.04473,0.10965,
8942e44e32fffff,240.18,10.74,26.33,0.04473,0.10964,
8942e44e333ffff,470.35,21.04,51.57,0.04473,0.10964,
8942e44e33bffff,650.49,29.1,71.32,0.04473,0.10964,
8942e44e343ffff,943.93,50.41,94.62,0.0534,0.10024,
8942e44e347ffff,870.65,38.94,95.46,0.04473,0.10964,
8942e44e34bffff,330.25,14.77,36.21,0.04473,0.10964,
8942e44e34fffff,700.52,31.33,76.81,0.04473,0.10965,
8942e44e353ffff,3044.41,188.81,276.72,0.06202,0.09089,
8942e44e357ffff,680.92,35.14,69.59,0.0516,0.10219,
8942e44e35bffff,1758.99,109.09,159.88,0.06202,0.09089,
8942e44e363ffff,780.58,34.91,85.59,0.04473,0.10964,
8942e44e367ffff,550.41,24.62,60.35,0.04473,0.10964,
8942e44e36bffff,840.63,37.6,92.17,0.04473,0.10964,
8942e44e36fffff,640.48,28.65,70.22,0.04473,0.10964,
8942e44e373ffff,830.62,37.15,91.07,0.04473,0.10964,
8942e44e377ffff,850.64,38.05,93.27,0.04473,0.10964,
8942e44e37bffff,690.52,30.89,75.71,0.04473,0.10964,
8942e44e383ffff,480.36,21.49,52.67,0.04473,0.10964,
8942e44e387ffff,560.42,25.07,61.45,0.04473,0.10964,
8942e44e38bffff,530.4,23.72,58.16,0.04473,0.10964,
8942e44e38fffff,630.47,28.2,69.13,0.04473,0.10964,
8942e44e393ffff,770.58,34.47,84.49,0.04473,0.10964,
8942e44e397ffff,820.61,36.7,89.98,0.04473,0.10964,
8942e44e39bffff,770.58,34.47,84.49,0.04473,0.10964,
8942e44e3abffff,470.35,21.04,51.57,0.04473,0.10964,
8942e44e3b3ffff,300.22,13.43,32.92,0.04473,0.10965,
8942e44e3bbffff,630.47,28.2,69.13,0.04473,0.10964,
8942e44e3c3ffff,1289.8,72.9,124.93,0.05652,0.09686,
8942e44e3c7ffff,550.41,24.62,60.35,0.04473,0.10964,
8942e44e3cbffff,4938.7,306.29,448.9,0.06202,0.09089,
8942e44e3cfffff,1941.52,116.08,181.16,0.05979,0.09331,
8942e44e3d3ffff,500.37,22.38,54.86,0.04473,0.10965,
8942e44e3d7ffff,680.51,30.44,74.61,0.04473,0.10964,
8942e44e3dbffff,3655.69,225.51,333.59,0.06169,0.09125,
8942e44e403ffff,744.19,46.15,67.64,0.06202,0.09089,
8942e44e407ffff,0.0,0.0,0.0,,,no_population
8942e44e40bffff,2377.88,147.3,216.32,0.06195,0.09097,
8942e44e40fffff,4126.86,255.94,375.11,0.06202,0.09089,
8942e44e413ffff,0.0,0.0,0.0,,,no_population
8942e44e41bffff,1711.35,105.79,155.93,0.06182,0.09111,
8942e44e42bffff,744.19,46.15,67.64,0.06202,0.09089,
8942e44e43bffff,0.0,0.0,0.0,,,no_population
8942e44e443ffff,530.4,23.72,58.16,0.04473,0.10964,
8942e44e447ffff,40.03,1.79,4.39,0.04473,0.10964,
8942e44e44bffff,560.42,25.07,61.45,0.04473,0.10964,
8942e44e44fffff,30.02,1.34,3.29,0.04473,0.10965,
8942e44e453ffff,640.48,28.65,70.22,0.04473,0.10964,
8942e44e457ffff,290.22,12.98,31.82,0.04473,0.10964,
8942e44e45bffff,560.42,25.07,61.45,0.04473,0.10964,
8942e44e463ffff,297.83,14.49,31.39,0.04865,0.10538,
8942e44e467ffff,1082.46,67.13,98.39,0.06202,0.09089,
8942e44e46bffff,0.0,0.0,0.0,,,no_population
8942e44e46fffff,87.67,5.09,8.34,0.05807,0.09517,
8942e44e473ffff,1868.66,109.32,176.98,0.0585,0.09471,
8942e44e477ffff,1556.03,96.5,141.43,0.06202,0.09089,
8942e44e47bffff,180.13,8.06,19.75,0.04473,0.10965,
8942e44e4c3ffff,200.15,8.95,21.95,0.04473,0.10964,
8942e44e4c7ffff,368.29,22.32,34.04,0.06061,0.09242,
8942e44e4cbffff,443.14,23.33,44.78,0.05265,0.10106,
8942e44e4cfffff,230.17,10.3,25.24,0.04473,0.10965,
8942e44e4d7ffff,10.01,0.45,1.1,0.04472,0.10962,
8942e44e603ffff,710.53,31.78,77.91,0.04473,0.10964,
8942e44e607ffff,700.52,31.33,76.81,0.04473,0.10965,
8942e44e60bffff,668.1,31.05,71.99,0.04648,0.10775,
8942e44e60fffff,190.14,8.5,20.85,0.04473,0.10965,
8942e44e613ffff,590.44,26.41,64.74,0.04473,0.10964,
8942e44e617ffff,600.45,26.86,65.84,0.04473,0.10964,
8942e44e61bffff,560.42,25.07,61.45,0.04473,0.10964,
8942e44e623ffff,570.43,25.51,62.54,0.04473,0.10964,
8942e44e627ffff,630.47,28.2,69.13,0.04473,0.10964,
8942e44e62bffff,921.1,45.88,95.92,0.04981,0.10414,
8942e44e62fffff,810.61,36.26,88.88,0.04473,0.10964,
8942e44e633ffff,610.46,27.3,66.93,0.04473,0.10964,
8942e44e637ffff,530.4,23.72,58.16,0.04473,0.10964,
8942e44e63bffff,610.46,27.3,66.93,0.04473,0.10964,
8942e44e643ffff,2300.22,142.65,209.08,0.06202,0.09089,
8942e44e647ffff,3247.37,201.39,295.17,0.06202,0.09089,
8942e44e64bffff,1217.76,75.52,110.69,0.06202,0.09089,
8942e44e64fffff,3315.02,205.59,301.32,0.06202,0.09089,
8942e44e653ffff,1054.83,64.73,96.63,0.06136,0.09161,
8942e44e657ffff,1106.86,61.2,108.68,0.0553,0.09818,
8942e44e663ffff,2841.45,176.22,258.27,0.06202,0.09089,
8942e44e667ffff,2841.45,176.22,258.27,0.06202,0.09089,
8942e44e66bffff,3720.94,230.77,338.21,0.06202,0.09089,
8942e44e66fffff,2773.79,172.02,252.12,0.06202,0.09089,
8942e44e673ffff,2959.14,182.65,269.91,0.06173,0.09121,
8942e44e677ffff,2089.24,123.86,196.09,0.05928,0.09386,
8942e44e67bffff,2164.91,134.26,196.78,0.06202,0.09089,
8942e44e683ffff,60.04,2.69,6.58,0.04473,0.10965,
8942e44e687ffff,220.16,9.85,24.14,0.04473,0.10965,
8942e44e68bffff,140.1,6.27,15.36,0.04473,0.10965,
8942e44e68fffff,350.26,15.67,38.4,0.04473,0.10965,
8942e44e693ffff,0.0,0.0,0.0,,,no_population
8942e44e697ffff,450.34,20.14,49.38,0.04473,0.10964,
8942e44e6a3ffff,290.22,12.98,31.82,0.04473,0.10964,
8942e44e6a7ffff,0.0,0.0,0.0,,,no_population
8942e44e6abffff,500.37,22.38,54.86,0.04473,0.10965,
8942e44e6afffff,280.21,12.53,30.72,0.04473,0.10964,
8942e44e6b3ffff,270.2,12.09,29.63,0.04473,0.10965,
8942e44e6b7ffff,50.04,2.24,5.49,0.04473,0.10964,
8942e44e6bbffff,580.43,25.96,63.64,0.04473,0.10965,
8942e44e6c7ffff,730.55,32.68,80.1,0.04473,0.10964,
8942e44e6cfffff,290.22,12.98,31.82,0.04473,0.10964,
8942e44f107ffff,3409.88,207.49,314.25,0.06085,0.09216,
8942e44f117ffff,1285.42,79.72,116.84,0.06202,0.09089,
8942e44f123ffff,300.22,13.43,32.92,0.04473,0.10965,
8942e44f127ffff,190.14,8.5,20.85,0.04473,0.10965,
8942e44f133ffff,2352.24,139.13,221.12,0.05915,0.09401,
8942e44f137ffff,450.34,20.14,49.38,0.04473,0.10964,
8942e44f183ffff,2164.91,134.26,196.78,0.06202,0.09089,
8942e44f187ffff,3179.71,197.2,289.02,0.06202,0.09089,
8942e44f18fffff,879.49,54.54,79.94,0.06202,0.09089,
8942e44f193ffff,1961.95,121.68,178.33,0.06202,0.09089,
8942e44f197ffff,3247.37,201.39,295.17,0.06202,0.09089,
8942e44f1a3ffff,4871.05,302.09,442.75,0.06202,0.09089,
8942e44f1a7ffff,135.31,8.39,12.3,0.06202,0.09089,
8942e44f1abffff,4126.86,255.94,375.11,0.06202,0.09089,
8942e44f1afffff,2377.88,147.3,216.32,0.06195,0.09097,
8942e44f1b3ffff,3315.02,205.59,301.32,0.06202,0.09089,
8942e44f1b7ffff,1353.07,83.91,122.99,0.06202,0.09089,
8942e44f1bbffff,2841.45,176.22,258.27,0.06202,0.09089,
8942e44f527ffff,3653.29,226.57,332.06,0.06202,0.09089,
8942e44f52fffff,3382.67,209.79,307.46,0.06202,0.09089,
8942e44f5a7ffff,2232.56,138.46,202.93,0.06202,0.09089,
8942e44f5afffff,405.92,25.17,36.9,0.06202,0.09089,
