h3,priority,rank,median_rank,rank_low_5pct,rank_high_95pct,rank_interval_width,priority_low_5pct,priority_high_95pct,p_top20,p_top20_se,p_robust_minmax,p_percentile_rank,method_gap,stability,certainty,confidence,confidence_literal
8942e44f1afffff,0.852894,1,1,1,3,2,0.741,0.866,1.0,0.0,1.0,1.0,0.0,confidently in,1.0,high,high
8942e44e07bffff,0.835149,2,6,1,22,21,0.649,0.861,1.0,0.0,1.0,1.0,0.0,confidently in,1.0,high,high
8942e44e073ffff,0.829804,3,2,1,5,4,0.722,0.841,1.0,0.0,1.0,1.0,0.0,confidently in,1.0,high,high
8942e44e047ffff,0.816767,4,7,3,30,27,0.639,0.825,1.0,0.002,1.0,0.99,0.01,confidently in,1.0,high,high
8942e44e063ffff,0.816126,5,4,3,9,6,0.703,0.834,1.0,0.0,1.0,1.0,0.0,confidently in,1.0,high,high
8942e44e043ffff,0.803934,6,7,4,13,9,0.684,0.813,1.0,0.0,1.0,1.0,0.0,confidently in,1.0,high,high
8942e44e68fffff,0.795597,7,27,7,124,117,0.506,0.809,0.61,0.015,1.0,0.21,0.79,uncertain,0.61,medium,medium
8942e44f127ffff,0.794849,8,40,5,154,149,0.448,0.817,0.53,0.016,1.0,0.06,0.94,uncertain,0.53,medium,medium
8942e44e627ffff,0.786682,9,18,9,42,33,0.613,0.804,0.98,0.004,1.0,0.96,0.04,confidently in,0.98,high,high
8942e44e6c7ffff,0.786444,10,9,5,16,11,0.682,0.804,1.0,0.0,1.0,1.0,0.0,confidently in,1.0,high,high
8942e44e6bbffff,0.784971,11,23,6,70,64,0.574,0.81,0.89,0.01,1.0,0.78,0.22,confidently in,0.89,high,high
8942e44e067ffff,0.783827,12,24,6,49,43,0.594,0.82,0.97,0.006,1.0,0.93,0.07,confidently in,0.97,high,high
8942e44e687ffff,0.776682,13,54,9,156,147,0.445,0.801,0.5,0.016,0.98,0.01,0.97,uncertain,0.5,medium,medium
8942e44f137ffff,0.775331,14,34,10,117,107,0.517,0.786,0.58,0.016,1.0,0.17,0.83,uncertain,0.58,medium,medium
8942e44e04fffff,0.774392,15,13,7,20,13,0.668,0.787,1.0,0.0,1.0,1.0,0.0,confidently in,1.0,high,high
8942e44e603ffff,0.761973,16,19,14,28,14,0.641,0.779,1.0,0.0,1.0,1.0,0.0,confidently in,1.0,high,high
8942e44e60bffff,0.760999,17,23,12,39,27,0.612,0.793,0.99,0.003,1.0,0.98,0.02,confidently in,0.99,high,high
8942e44e453ffff,0.755052,18,37,11,67,56,0.582,0.783,0.82,0.012,0.97,0.66,0.31,confidently in,0.82,high,high
8942e44e39bffff,0.753522,19,27,13,45,32,0.603,0.788,0.99,0.003,1.0,0.98,0.02,confidently in,0.99,high,high
8942e44f133ffff,0.753518,20,16,4,48,44,0.649,0.795,0.96,0.006,0.93,1.0,0.07,confidently in,0.96,high,high
8942e44e6abffff,0.75347,21,42,18,112,94,0.521,0.77,0.57,0.016,1.0,0.14,0.86,uncertain,0.57,medium,medium
8942e44e057ffff,0.752151,22,44,17,103,86,0.533,0.765,0.55,0.016,0.99,0.11,0.88,uncertain,0.55,medium,medium
8942e44e007ffff,0.750712,23,73,14,177,163,0.41,0.78,0.48,0.016,0.95,0.0,0.95,uncertain,0.52,medium,low
8942e44e04bffff,0.750446,24,24,14,34,20,0.633,0.766,1.0,0.002,1.0,0.99,0.01,confidently in,1.0,high,high
8942e44e443ffff,0.749455,25,47,16,106,90,0.531,0.767,0.56,0.016,0.97,0.16,0.81,uncertain,0.56,medium,medium
8942e44e44bffff,0.746765,26,45,17,93,76,0.545,0.767,0.6,0.015,0.95,0.26,0.69,uncertain,0.6,medium,medium
8942e44e06bffff,0.745695,27,41,20,88,68,0.547,0.772,0.7,0.014,1.0,0.4,0.6,uncertain,0.7,medium,medium
8942e44e613ffff,0.743693,28,33,25,63,38,0.581,0.757,0.9,0.01,1.0,0.8,0.2,confidently in,0.9,high,high
8942e44f107ffff,0.742848,29,19,2,60,58,0.641,0.789,0.93,0.008,0.86,0.99,0.13,confidently in,0.93,high,high
8942e44e05bffff,0.741843,30,26,13,37,24,0.649,0.759,1.0,0.001,1.0,1.0,0.0,confidently in,1.0,high,high
8942e44e077ffff,0.739673,31,30,22,41,19,0.617,0.76,1.0,0.002,1.0,0.99,0.01,confidently in,1.0,high,high
8942e44e657ffff,0.738711,32,15,4,50,46,0.661,0.782,0.97,0.005,0.94,1.0,0.06,confidently in,0.97,high,high
8942e44e617ffff,0.737198,33,41,31,83,52,0.556,0.746,0.73,0.014,1.0,0.45,0.55,uncertain,0.73,medium,medium
8942e441927ffff,0.73544,34,34,14,63,49,0.605,0.77,0.89,0.01,0.83,0.94,0.11,confidently in,0.89,high,high
8942e44e68bffff,0.73424,35,84,23,182,159,0.399,0.755,0.43,0.016,0.86,0.0,0.86,uncertain,0.57,medium,low
8942e44e053ffff,0.729808,36,45,28,71,43,0.575,0.749,0.72,0.014,0.9,0.53,0.37,uncertain,0.72,medium,medium
8942e44e697ffff,0.727224,37,72,24,138,114,0.481,0.751,0.37,0.015,0.74,0.0,0.73,uncertain,0.63,medium,low
8942e44e683ffff,0.725988,38,108,17,199,182,0.354,0.766,0.34,0.015,0.68,0.0,0.68,uncertain,0.66,medium,low
8942e44e62fffff,0.723321,39,27,8,47,39,0.677,0.747,1.0,0.001,1.0,1.0,0.0,confidently in,1.0,high,high
8942e44e647ffff,0.72253,40,16,2,58,56,0.667,0.769,0.92,0.009,0.84,1.0,0.16,confidently in,0.92,high,high
8942e44e323ffff,0.720737,41,70,28,148,120,0.463,0.75,0.4,0.016,0.8,0.0,0.8,uncertain,0.6,medium,low
8942e44e6cfffff,0.719785,42,59,29,139,110,0.476,0.751,0.42,0.016,0.78,0.06,0.72,uncertain,0.58,medium,low
8942e44e61bffff,0.71919,43,46,36,79,43,0.559,0.741,0.77,0.013,0.98,0.55,0.43,uncertain,0.77,medium,medium
8942e44e00bffff,0.719001,44,63,32,97,65,0.542,0.74,0.36,0.015,0.66,0.06,0.6,uncertain,0.64,medium,low
8942e44e637ffff,0.718069,45,57,41,106,65,0.526,0.733,0.44,0.016,0.85,0.03,0.82,uncertain,0.56,medium,low
8942e44e64fffff,0.717404,46,29,9,62,53,0.622,0.758,0.86,0.011,0.72,1.0,0.27,confidently in,0.86,high,high
8942e44f1abffff,0.716262,47,32,5,75,70,0.622,0.764,0.8,0.013,0.62,0.97,0.36,confidently in,0.8,high,high
8942e44e607ffff,0.715423,48,42,20,52,32,0.627,0.738,0.97,0.006,0.94,0.99,0.05,confidently in,0.97,high,high
8942e44e34fffff,0.714006,49,55,27,92,65,0.536,0.756,0.46,0.016,0.62,0.31,0.31,uncertain,0.54,medium,low
8942e44e0c3ffff,0.713484,50,82,34,161,127,0.437,0.726,0.28,0.014,0.56,0.0,0.56,uncertain,0.72,medium,low
8942e44e00fffff,0.711187,51,74,43,138,95,0.484,0.719,0.31,0.015,0.62,0.0,0.62,uncertain,0.69,medium,low
8942e44e45bffff,0.70854,52,80,26,134,108,0.484,0.748,0.27,0.014,0.49,0.04,0.44,uncertain,0.73,medium,low
8942e44e623ffff,0.707564,53,51,33,71,38,0.572,0.731,0.62,0.015,0.52,0.71,0.19,uncertain,0.62,medium,medium
8942e44e653ffff,0.707301,54,35,16,71,55,0.605,0.749,0.75,0.014,0.53,0.98,0.45,uncertain,0.75,medium,medium
8942e44e02bffff,0.706619,55,43,31,63,32,0.598,0.739,0.72,0.014,0.45,0.98,0.53,uncertain,0.72,medium,medium
8942e44e297ffff,0.7043,56,34,14,68,54,0.649,0.734,0.71,0.014,0.42,1.0,0.58,uncertain,0.71,medium,medium
8942e44e67bffff,0.703981,57,39,19,71,52,0.606,0.744,0.71,0.014,0.45,0.98,0.53,uncertain,0.71,medium,medium
8942e44e383ffff,0.703769,58,73,41,134,93,0.485,0.736,0.17,0.012,0.34,0.0,0.34,confidently out,0.83,high,low
8942e44c48fffff,0.703362,59,30,8,97,89,0.615,0.748,0.73,0.014,0.49,0.98,0.49,uncertain,0.73,medium,medium
8942e44e03bffff,0.702631,60,61,54,95,41,0.541,0.721,0.05,0.007,0.09,0.0,0.09,confidently out,0.95,high,low
8942e44f123ffff,0.698665,61,102,35,167,132,0.427,0.731,0.19,0.012,0.38,0.0,0.38,confidently out,0.81,high,low
8942e44e06fffff,0.693996,62,80,53,138,85,0.481,0.721,0.06,0.007,0.11,0.0,0.11,confidently out,0.94,high,low
8942e44e0cbffff,0.693058,63,83,41,148,107,0.464,0.718,0.16,0.012,0.32,0.01,0.31,confidently out,0.84,high,low
8942e44e673ffff,0.691694,64,59,31,89,58,0.544,0.734,0.41,0.016,0.23,0.59,0.36,uncertain,0.59,medium,low
8942e44e32bffff,0.69156,65,74,58,113,55,0.521,0.708,0.01,0.004,0.03,0.0,0.03,confidently out,0.99,high,low
8942e44e643ffff,0.691417,66,41,12,87,75,0.595,0.741,0.6,0.015,0.25,0.95,0.7,uncertain,0.6,medium,medium
8942e44e22fffff,0.691287,67,47,18,79,61,0.593,0.731,0.56,0.016,0.18,0.93,0.74,uncertain,0.56,medium,medium
8942e44e347ffff,0.689739,68,58,37,86,49,0.56,0.73,0.41,0.016,0.14,0.68,0.54,uncertain,0.59,medium,low
8942e44e633ffff,0.689684,69,65,50,85,35,0.557,0.71,0.1,0.009,0.02,0.17,0.15,confidently out,0.9,high,low
8942e44e30fffff,0.688049,70,68,58,88,30,0.545,0.709,0.01,0.003,0.0,0.02,0.02,confidently out,0.99,high,low
8942e44e3cbffff,0.686784,71,54,19,89,70,0.564,0.735,0.5,0.016,0.2,0.79,0.59,uncertain,0.5,medium,medium
8942e44e2b7ffff,0.684541,72,63,45,80,35,0.578,0.706,0.24,0.013,0.0,0.47,0.47,uncertain,0.76,medium,low
8942e44e237ffff,0.683194,73,36,5,93,88,0.612,0.746,0.56,0.016,0.14,0.98,0.85,uncertain,0.56,medium,medium
8942e44e32fffff,0.683063,74,106,58,173,115,0.416,0.697,0.02,0.004,0.03,0.0,0.03,confidently out,0.98,high,low
8942e44e287ffff,0.681355,75,64,42,78,36,0.584,0.707,0.45,0.016,0.0,0.9,0.9,uncertain,0.55,medium,low
8942e44e387ffff,0.678603,76,79,66,111,45,0.516,0.706,0.0,0.0,0.0,0.0,0.0,confidently out,1.0,high,low
8942e44f1bbffff,0.674617,77,64,27,96,69,0.563,0.715,0.35,0.015,0.1,0.6,0.5,uncertain,0.65,medium,low
8942e44f18fffff,0.674119,78,52,19,88,69,0.626,0.702,0.5,0.016,0.0,1.0,1.0,uncertain,0.5,medium,medium
8942e44e377ffff,0.673634,79,67,46,85,39,0.58,0.698,0.38,0.015,0.0,0.75,0.75,uncertain,0.62,medium,low
8942e44f193ffff,0.667034,80,75,47,90,43,0.551,0.701,0.16,0.012,0.0,0.31,0.31,confidently out,0.84,high,low
8942e44e63bffff,0.666588,81,89,76,117,41,0.506,0.697,0.0,0.0,0.0,0.0,0.0,confidently out,1.0,high,low
8942e44e2bbffff,0.666585,82,70,31,96,65,0.555,0.707,0.32,0.015,0.02,0.62,0.59,uncertain,0.68,medium,low
8942e44f1a3ffff,0.665158,83,80,35,120,85,0.516,0.711,0.18,0.012,0.1,0.27,0.17,confidently out,0.82,high,low
8942e44f52fffff,0.664535,84,74,39,96,57,0.55,0.704,0.24,0.014,0.02,0.47,0.45,uncertain,0.76,medium,low
8942e44e4c3ffff,0.659259,85,123,61,179,118,0.403,0.679,0.03,0.005,0.05,0.0,0.05,confidently out,0.97,high,low
8942e44e293ffff,0.653226,86,79,29,117,88,0.542,0.697,0.23,0.013,0.01,0.45,0.44,uncertain,0.77,medium,low
8942e44e33bffff,0.652737,87,92,74,125,51,0.506,0.681,0.0,0.0,0.0,0.0,0.0,confidently out,1.0,high,low
8942e44e303ffff,0.652459,88,81,46,111,65,0.555,0.681,0.12,0.01,0.0,0.23,0.23,confidently out,0.88,high,low
8942e44c497ffff,0.651875,89,49,11,153,142,0.582,0.719,0.52,0.016,0.09,0.95,0.86,uncertain,0.52,medium,medium
8942e44e3dbffff,0.649211,90,86,46,128,82,0.503,0.699,0.1,0.01,0.02,0.19,0.18,confidently out,0.9,high,low
8942e44f1a7ffff,0.646839,91,144,60,195,135,0.366,0.689,0.03,0.005,0.05,0.0,0.05,confidently out,0.97,high,low
8942e44e667ffff,0.646139,92,85,42,116,74,0.539,0.69,0.18,0.012,0.0,0.37,0.37,confidently out,0.82,high,low
8942e44f183ffff,0.646119,93,92,68,113,45,0.519,0.684,0.0,0.0,0.0,0.0,0.0,confidently out,1.0,high,low
8942e44e38fffff,0.645293,94,104,86,120,34,0.511,0.671,0.0,0.0,0.0,0.0,0.0,confidently out,1.0,high,low
8942e44c48bffff,0.645272,95,87,41,171,130,0.5,0.705,0.14,0.011,0.12,0.17,0.05,confidently out,0.86,high,low
8942e44e3bbffff,0.644623,96,115,85,154,69,0.453,0.684,0.0,0.0,0.0,0.0,0.0,confidently out,1.0,high,low
8942e44e227ffff,0.643625,97,94,57,122,65,0.5,0.688,0.03,0.005,0.0,0.05,0.04,confidently out,0.97,high,low
8942e44e367ffff,0.642476,98,121,91,146,55,0.468,0.665,0.0,0.0,0.0,0.0,0.0,confidently out,1.0,high,low
8942e44f117ffff,0.642468,99,91,64,123,59,0.535,0.668,0.01,0.003,0.0,0.01,0.01,confidently out,0.99,high,low
8942e44e363ffff,0.642154,100,85,44,116,72,0.563,0.676,0.2,0.013,0.0,0.41,0.41,uncertain,0.8,high,low
8942e44f187ffff,0.641553,101,90,48,123,75,0.525,0.685,0.08,0.009,0.0,0.17,0.17,confidently out,0.92,high,low
8942e44e373ffff,0.640495,102,95,76,112,36,0.53,0.67,0.0,0.0,0.0,0.0,0.0,confidently out,1.0,high,low
8942e44e24bffff,0.640028,103,92,51,128,77,0.514,0.686,0.08,0.008,0.0,0.15,0.15,confidently out,0.92,high,low
8942e44e38bffff,0.63897,104,123,96,150,54,0.459,0.661,0.0,0.0,0.0,0.0,0.0,confidently out,1.0,high,low
8942e44e4cbffff,0.638964,105,130,75,159,84,0.446,0.659,0.01,0.002,0.01,0.0,0.01,confidently out,0.99,high,low
8942e44e353ffff,0.638519,106,100,69,139,70,0.484,0.686,0.0,0.002,0.0,0.01,0.0,confidently out,1.0,high,low
8942e44e64bffff,0.637099,107,105,68,158,90,0.469,0.683,0.01,0.003,0.0,0.02,0.02,confidently out,0.99,high,low
8942e44e223ffff,0.635578,108,98,59,138,79,0.498,0.684,0.02,0.005,0.0,0.04,0.04,confidently out,0.98,high,low
8942e44e6a3ffff,0.635575,109,128,75,172,97,0.428,0.664,0.0,0.002,0.01,0.0,0.01,confidently out,1.0,high,low
8942e44e25bffff,0.635537,110,107,80,133,53,0.485,0.677,0.0,0.0,0.0,0.0,0.0,confidently out,1.0,high,low
8942e44e28fffff,0.633918,111,97,48,134,86,0.512,0.68,0.09,0.009,0.0,0.17,0.17,confidently out,0.91,high,low
8942e44e21bffff,0.633816,112,102,68,138,70,0.496,0.68,0.0,0.001,0.0,0.0,0.0,confidently out,1.0,high,low
8942e44e66bffff,0.631582,113,97,37,138,101,0.515,0.68,0.13,0.011,0.0,0.26,0.26,confidently out,0.87,high,low
8942e44e023ffff,0.630534,114,111,91,128,37,0.497,0.666,0.0,0.0,0.0,0.0,0.0,confidently out,1.0,high,low
8942e44e2b3ffff,0.629463,115,133,96,149,53,0.457,0.657,0.0,0.0,0.0,0.0,0.0,confidently out,1.0,high,low
8942e44e243ffff,0.628551,116,97,54,146,92,0.524,0.666,0.05,0.007,0.0,0.1,0.1,confidently out,0.95,high,low
8942e44e30bffff,0.628423,117,108,83,130,47,0.512,0.658,0.0,0.0,0.0,0.0,0.0,confidently out,1.0,high,low
8942e44e393ffff,0.627504,118,120,98,151,53,0.464,0.665,0.0,0.0,0.0,0.0,0.0,confidently out,1.0,high,low
8942e44e333ffff,0.627059,119,151,90,192,102,0.382,0.674,0.0,0.0,0.0,0.0,0.0,confidently out,1.0,high,low
8942e44e2afffff,0.626287,120,101,45,144,99,0.511,0.676,0.11,0.01,0.0,0.22,0.22,confidently out,0.89,high,low
8942e44f527ffff,0.625035,121,110,62,144,82,0.49,0.672,0.02,0.005,0.0,0.04,0.04,confidently out,0.98,high,low
8942e44e66fffff,0.624941,122,119,91,142,51,0.471,0.668,0.0,0.0,0.0,0.0,0.0,confidently out,1.0,high,low
8942e44e663ffff,0.623937,123,107,63,147,84,0.498,0.671,0.01,0.003,0.0,0.02,0.02,confidently out,0.99,high,low
8942e44e2d3ffff,0.623568,124,112,54,152,98,0.473,0.671,0.05,0.007,0.0,0.1,0.1,confidently out,0.95,high,low
8942e44e2abffff,0.623474,125,120,87,148,61,0.466,0.668,0.0,0.0,0.0,0.0,0.0,confidently out,1.0,high,low
8942e44e0dbffff,0.622072,126,137,89,168,79,0.436,0.642,0.0,0.0,0.0,0.0,0.0,confidently out,1.0,high,low
8942e44e28bffff,0.621399,127,111,64,152,88,0.492,0.669,0.01,0.003,0.0,0.02,0.02,confidently out,0.99,high,low
8942e44e60fffff,0.618633,128,165,88,202,114,0.355,0.663,0.0,0.0,0.0,0.0,0.0,confidently out,1.0,high,low
8942e44e3b3ffff,0.617944,129,136,109,164,55,0.43,0.644,0.0,0.0,0.0,0.0,0.0,confidently out,1.0,high,low
8942e44e317ffff,0.617522,130,150,121,177,56,0.411,0.645,0.0,0.0,0.0,0.0,0.0,confidently out,1.0,high,low
8942e44f5a7ffff,0.616712,131,122,76,153,77,0.469,0.661,0.01,0.003,0.0,0.02,0.02,confidently out,0.99,high,low
8942e44c493ffff,0.615793,132,61,8,186,178,0.547,0.718,0.48,0.016,0.03,0.94,0.91,uncertain,0.52,medium,low
8942e44c4dbffff,0.615726,133,169,75,206,131,0.334,0.667,0.01,0.002,0.01,0.0,0.01,confidently out,0.99,high,low
8942e44e3c3ffff,0.615023,134,132,104,171,67,0.436,0.659,0.0,0.0,0.0,0.0,0.0,confidently out,1.0,high,low
8942e44e283ffff,0.614878,135,124,87,151,64,0.469,0.659,0.0,0.0,0.0,0.0,0.0,confidently out,1.0,high,low
8942e44e267ffff,0.614863,136,73,19,181,162,0.552,0.688,0.43,0.016,0.01,0.84,0.83,uncertain,0.57,medium,low
8942e44e31bffff,0.61274,137,149,118,167,49,0.425,0.64,0.0,0.0,0.0,0.0,0.0,confidently out,1.0,high,low
8942e44e307ffff,0.612116,138,150,124,174,50,0.414,0.642,0.0,0.0,0.0,0.0,0.0,confidently out,1.0,high,low
8942e44e37bffff,0.610944,139,136,113,169,56,0.445,0.653,0.0,0.0,0.0,0.0,0.0,confidently out,1.0,high,low
8942e44c5cbffff,0.609747,140,166,93,208,115,0.325,0.639,0.0,0.0,0.0,0.0,0.0,confidently out,1.0,high,low
8942e44e677ffff,0.609692,141,131,102,165,63,0.456,0.656,0.0,0.0,0.0,0.0,0.0,confidently out,1.0,high,low
8942e44e3abffff,0.606035,142,167,115,200,85,0.364,0.651,0.0,0.0,0.0,0.0,0.0,confidently out,1.0,high,low
8942e44e62bffff,0.604739,143,134,108,154,46,0.474,0.641,0.0,0.0,0.0,0.0,0.0,confidently out,1.0,high,low
8942e44e213ffff,0.604456,144,125,66,164,98,0.471,0.654,0.02,0.005,0.0,0.05,0.05,confidently out,0.98,high,low
8942e44c593ffff,0.603977,145,147,123,163,40,0.438,0.636,0.0,0.0,0.0,0.0,0.0,confidently out,1.0,high,low
8942e44e2a3ffff,0.603884,146,141,111,163,52,0.441,0.648,0.0,0.0,0.0,0.0,0.0,confidently out,1.0,high,low
8942e44e3d7ffff,0.603609,147,137,118,154,36,0.469,0.637,0.0,0.0,0.0,0.0,0.0,confidently out,1.0,high,low
8942e44e2a7ffff,0.603033,148,138,110,154,44,0.468,0.639,0.0,0.0,0.0,0.0,0.0,confidently out,1.0,high,low
8942e44e2d7ffff,0.600538,149,141,97,166,69,0.443,0.649,0.0,0.0,0.0,0.0,0.0,confidently out,1.0,high,low
8942e44e397ffff,0.600418,150,137,106,170,64,0.468,0.64,0.0,0.0,0.0,0.0,0.0,confidently out,1.0,high,low
8942e44e3d3ffff,0.600142,151,157,140,169,29,0.42,0.631,0.0,0.0,0.0,0.0,0.0,confidently out,1.0,high,low
8942e44f1b3ffff,0.597129,152,145,94,173,79,0.431,0.647,0.0,0.002,0.0,0.01,0.01,confidently out,1.0,high,low
8942e44f197ffff,0.595403,153,152,120,177,57,0.415,0.642,0.0,0.0,0.0,0.0,0.0,confidently out,1.0,high,low
8942e44e3cfffff,0.594589,154,145,105,169,64,0.446,0.639,0.0,0.0,0.0,0.0,0.0,confidently out,1.0,high,low
8942e44e47bffff,0.594107,155,176,103,201,98,0.345,0.618,0.0,0.0,0.0,0.0,0.0,confidently out,1.0,high,low
8942e44e203ffff,0.593384,156,139,87,173,86,0.463,0.639,0.0,0.0,0.0,0.0,0.0,confidently out,1.0,high,low
8942e44e6afffff,0.591685,157,163,117,186,69,0.393,0.609,0.0,0.0,0.0,0.0,0.0,confidently out,1.0,high,low
8942e44c5dbffff,0.591089,158,172,132,189,57,0.372,0.624,0.0,0.0,0.0,0.0,0.0,confidently out,1.0,high,low
8942e44e36fffff,0.590584,159,161,144,174,30,0.409,0.624,0.0,0.0,0.0,0.0,0.0,confidently out,1.0,high,low
8942e44e2cbffff,0.58906,160,140,69,179,110,0.458,0.641,0.02,0.004,0.0,0.03,0.03,confidently out,0.98,high,low
8942e44e217ffff,0.587555,161,148,96,177,81,0.44,0.637,0.0,0.001,0.0,0.0,0.0,confidently out,1.0,high,low
8942e44c597ffff,0.587247,162,176,148,190,42,0.372,0.612,0.0,0.0,0.0,0.0,0.0,confidently out,1.0,high,low
8942e44c487ffff,0.587074,163,156,98,195,97,0.405,0.64,0.0,0.0,0.0,0.0,0.0,confidently out,1.0,high,low
8942e44e313ffff,0.585708,164,169,135,185,50,0.379,0.623,0.0,0.0,0.0,0.0,0.0,confidently out,1.0,high,low
8942e44e233ffff,0.580327,165,160,131,184,53,0.417,0.626,0.0,0.0,0.0,0.0,0.0,confidently out,1.0,high,low
8942e44e2c7ffff,0.57791,166,153,89,186,97,0.437,0.63,0.0,0.001,0.0,0.0,0.0,confidently out,1.0,high,low
8942e44e207ffff,0.577494,167,163,125,186,61,0.402,0.629,0.0,0.0,0.0,0.0,0.0,confidently out,1.0,high,low
8942e44e35bffff,0.577025,168,116,43,196,153,0.506,0.641,0.14,0.011,0.0,0.28,0.28,confidently out,0.86,high,low
8942e44c59bffff,0.575111,169,174,160,184,24,0.389,0.608,0.0,0.0,0.0,0.0,0.0,confidently out,1.0,high,low
8942e44e357ffff,0.57155,170,170,157,192,35,0.394,0.608,0.0,0.0,0.0,0.0,0.0,confidently out,1.0,high,low
8942e44e6b3ffff,0.570379,171,182,126,197,71,0.359,0.6,0.0,0.0,0.0,0.0,0.0,confidently out,1.0,high,low
8942e44e02fffff,0.569151,172,159,128,189,61,0.44,0.61,0.0,0.0,0.0,0.0,0.0,confidently out,1.0,high,low
8942e44e2cfffff,0.567359,173,167,125,191,66,0.403,0.616,0.0,0.0,0.0,0.0,0.0,confidently out,1.0,high,low
8942e44e29bffff,0.56729,174,166,118,188,70,0.404,0.617,0.0,0.0,0.0,0.0,0.0,confidently out,1.0,high,low
8942e44e23bffff,0.561472,175,176,148,198,50,0.375,0.607,0.0,0.0,0.0,0.0,0.0,confidently out,1.0,high,low
8942e44e4cfffff,0.561097,176,192,143,207,64,0.328,0.586,0.0,0.0,0.0,0.0,0.0,confidently out,1.0,high,low
8942e44c4c3ffff,0.560879,177,195,104,217,113,0.279,0.616,0.0,0.001,0.0,0.0,0.0,confidently out,1.0,high,low
8942e44e2dbffff,0.560292,178,171,126,193,67,0.399,0.609,0.0,0.0,0.0,0.0,0.0,confidently out,1.0,high,low
8942e44e257ffff,0.55956,179,179,152,197,45,0.367,0.606,0.0,0.0,0.0,0.0,0.0,confidently out,1.0,high,low
8942e44e41bffff,0.556509,180,176,130,196,66,0.378,0.6,0.0,0.0,0.0,0.0,0.0,confidently out,1.0,high,low
8942e44e14bffff,0.556298,181,186,169,196,27,0.357,0.591,0.0,0.0,0.0,0.0,0.0,confidently out,1.0,high,low
8942e44c4d7ffff,0.555449,182,194,115,214,99,0.294,0.609,0.0,0.0,0.0,0.0,0.0,confidently out,1.0,high,low
8942e44e40fffff,0.55414,183,177,124,200,76,0.367,0.606,0.0,0.001,0.0,0.0,0.0,confidently out,1.0,high,low
8942e44e3c7ffff,0.551863,184,189,172,200,28,0.346,0.589,0.0,0.0,0.0,0.0,0.0,confidently out,1.0,high,low
8942e44e42bffff,0.551826,185,149,105,199,94,0.466,0.589,0.0,0.0,0.0,0.0,0.0,confidently out,1.0,high,low
8942e44192fffff,0.551498,186,203,156,216,60,0.267,0.592,0.0,0.0,0.0,0.0,0.0,confidently out,1.0,high,low
8942e44e253ffff,0.54545,187,183,149,202,53,0.353,0.597,0.0,0.0,0.0,0.0,0.0,confidently out,1.0,high,low
8942e44c58bffff,0.544846,188,194,175,207,32,0.339,0.582,0.0,0.0,0.0,0.0,0.0,confidently out,1.0,high,low
8942e44e003ffff,0.543987,189,189,153,204,51,0.346,0.573,0.0,0.0,0.0,0.0,0.0,confidently out,1.0,high,low
8942e44e467ffff,0.542513,190,187,141,204,63,0.349,0.591,0.0,0.0,0.0,0.0,0.0,confidently out,1.0,high,low
8942e44c483ffff,0.542091,191,141,70,206,136,0.486,0.592,0.0,0.002,0.0,0.01,0.01,confidently out,1.0,high,low
8942e44e0cfffff,0.540842,192,196,159,208,49,0.324,0.567,0.0,0.0,0.0,0.0,0.0,confidently out,1.0,high,low
8942e44f5afffff,0.540816,193,197,179,209,30,0.32,0.576,0.0,0.0,0.0,0.0,0.0,confidently out,1.0,high,low
8942e44c4d3ffff,0.54057,194,200,129,218,89,0.276,0.594,0.0,0.0,0.0,0.0,0.0,confidently out,1.0,high,low
8942e44f1b7ffff,0.538918,195,163,109,199,90,0.462,0.575,0.0,0.0,0.0,0.0,0.0,confidently out,1.0,high,low
8942e44e473ffff,0.537153,196,197,141,213,72,0.301,0.603,0.0,0.0,0.0,0.0,0.0,confidently out,1.0,high,low
8942e44e2c3ffff,0.536558,197,181,124,205,81,0.365,0.595,0.0,0.001,0.0,0.0,0.0,confidently out,1.0,high,low
8942e44e15bffff,0.53413,198,198,181,207,26,0.33,0.572,0.0,0.0,0.0,0.0,0.0,confidently out,1.0,high,low
8942e44e44fffff,0.533664,199,203,146,217,71,0.279,0.57,0.0,0.0,0.0,0.0,0.0,confidently out,1.0,high,low
8942e44e457ffff,0.525927,200,208,178,218,40,0.262,0.567,0.0,0.0,0.0,0.0,0.0,confidently out,1.0,high,low
8942e44e343ffff,0.524505,201,193,165,208,43,0.35,0.569,0.0,0.0,0.0,0.0,0.0,confidently out,1.0,high,low
8942e44c4b7ffff,0.523813,202,205,187,216,29,0.314,0.555,0.0,0.0,0.0,0.0,0.0,confidently out,1.0,high,low
8942e44c5c3ffff,0.523715,203,195,166,208,42,0.333,0.569,0.0,0.0,0.0,0.0,0.0,confidently out,1.0,high,low
8942e44e20bffff,0.51972,204,186,150,207,57,0.406,0.554,0.0,0.0,0.0,0.0,0.0,confidently out,1.0,high,low
8942e44e34bffff,0.511862,205,188,151,213,62,0.371,0.563,0.0,0.0,0.0,0.0,0.0,confidently out,1.0,high,low
8942e44c4a7ffff,0.498122,206,206,180,214,34,0.299,0.548,0.0,0.0,0.0,0.0,0.0,confidently out,1.0,high,low
8942e44e463ffff,0.496061,207,216,192,222,30,0.229,0.547,0.0,0.0,0.0,0.0,0.0,confidently out,1.0,high,low
8942e44c5d3ffff,0.495932,208,207,176,216,40,0.297,0.548,0.0,0.0,0.0,0.0,0.0,confidently out,1.0,high,low
8942e44e24fffff,0.495097,209,204,170,211,41,0.334,0.54,0.0,0.0,0.0,0.0,0.0,confidently out,1.0,high,low
8942e44c437ffff,0.492379,210,211,188,220,32,0.272,0.513,0.0,0.0,0.0,0.0,0.0,confidently out,1.0,high,low
8942e44e01bffff,0.492167,211,215,197,222,25,0.247,0.521,0.0,0.0,0.0,0.0,0.0,confidently out,1.0,high,low
8942e44e36bffff,0.486964,212,210,187,217,30,0.297,0.534,0.0,0.0,0.0,0.0,0.0,confidently out,1.0,high,low
8942e44e027ffff,0.472932,213,209,192,215,23,0.327,0.506,0.0,0.0,0.0,0.0,0.0,confidently out,1.0,high,low
8942e44e033ffff,0.46392,214,206,166,218,52,0.348,0.504,0.0,0.0,0.0,0.0,0.0,confidently out,1.0,high,low
8942e44c5d7ffff,0.462277,215,217,204,221,17,0.249,0.506,0.0,0.0,0.0,0.0,0.0,confidently out,1.0,high,low
8942e44c4bbffff,0.460073,216,211,196,218,22,0.304,0.491,0.0,0.0,0.0,0.0,0.0,confidently out,1.0,high,low
8942e44c4b3ffff,0.451025,217,208,188,218,30,0.339,0.486,0.0,0.0,0.0,0.0,0.0,confidently out,1.0,high,low
8942e44e22bffff,0.450372,218,184,88,223,135,0.391,0.56,0.0,0.001,0.0,0.0,0.0,confidently out,1.0,high,low
8942e44e143ffff,0.44859,219,222,213,226,13,0.208,0.471,0.0,0.0,0.0,0.0,0.0,confidently out,1.0,high,low
8942e44e263ffff,0.423802,220,220,214,223,9,0.255,0.451,0.0,0.0,0.0,0.0,0.0,confidently out,1.0,high,low
8942e44e4c7ffff,0.401521,221,222,218,225,7,0.208,0.442,0.0,0.0,0.0,0.0,0.0,confidently out,1.0,high,low
8942e44e0d3ffff,0.400941,222,224,219,233,14,0.176,0.428,0.0,0.0,0.0,0.0,0.0,confidently out,1.0,high,low
8942e44e40bffff,0.362093,223,218,184,228,44,0.264,0.444,0.0,0.0,0.0,0.0,0.0,confidently out,1.0,high,low
8942e44e20fffff,0.358473,224,223,220,227,7,0.236,0.395,0.0,0.0,0.0,0.0,0.0,confidently out,1.0,high,low
8942e44c4abffff,0.348377,225,227,224,232,8,0.172,0.371,0.0,0.0,0.0,0.0,0.0,confidently out,1.0,high,low
8942e44e0abffff,0.342017,226,228,225,234,9,0.167,0.367,0.0,0.0,0.0,0.0,0.0,confidently out,1.0,high,low
8942e44c417ffff,0.324909,227,231,226,238,12,0.144,0.347,0.0,0.0,0.0,0.0,0.0,confidently out,1.0,high,low
8942e44e477ffff,0.321519,228,222,199,230,31,0.237,0.397,0.0,0.0,0.0,0.0,0.0,confidently out,1.0,high,low
8942e44e277ffff,0.318733,229,227,226,233,7,0.191,0.351,0.0,0.0,0.0,0.0,0.0,confidently out,1.0,high,low
8942e44c433ffff,0.304228,230,231,229,236,7,0.153,0.338,0.0,0.0,0.0,0.0,0.0,confidently out,1.0,high,low
8942e44e013ffff,0.279437,231,233,230,236,6,0.149,0.333,0.0,0.0,0.0,0.0,0.0,confidently out,1.0,high,low
8942e44e017ffff,0.27588,232,231,226,233,7,0.165,0.323,0.0,0.0,0.0,0.0,0.0,confidently out,1.0,high,low
8942e44e273ffff,0.274711,233,231,229,235,6,0.162,0.309,0.0,0.0,0.0,0.0,0.0,confidently out,1.0,high,low
8942e44e403ffff,0.271172,234,227,213,234,21,0.205,0.336,0.0,0.0,0.0,0.0,0.0,confidently out,1.0,high,low
8942e44c4a3ffff,0.233846,235,235,231,236,5,0.147,0.282,0.0,0.0,0.0,0.0,0.0,confidently out,1.0,high,low
8942e44c583ffff,0.161822,236,236,226,238,12,0.11,0.242,0.0,0.0,0.0,0.0,0.0,confidently out,1.0,high,low
8942e44e0c7ffff,0.151203,237,237,236,238,2,0.104,0.221,0.0,0.0,0.0,0.0,0.0,confidently out,1.0,high,low
8942e44e46fffff,0.142943,238,239,238,242,4,0.069,0.201,0.0,0.0,0.0,0.0,0.0,confidently out,1.0,high,low
8942e44c4afffff,0.142721,239,236,229,240,11,0.1,0.217,0.0,0.0,0.0,0.0,0.0,confidently out,1.0,high,low
8942e44e0d7ffff,0.134481,240,240,239,243,4,0.067,0.189,0.0,0.0,0.0,0.0,0.0,confidently out,1.0,high,low
8942e44e6b7ffff,0.133176,241,239,239,241,2,0.094,0.192,0.0,0.0,0.0,0.0,0.0,confidently out,1.0,high,low
8942e44e447ffff,0.131302,242,242,242,244,2,0.06,0.184,0.0,0.0,0.0,0.0,0.0,confidently out,1.0,high,low
8942e44e4d7ffff,0.105476,243,243,241,244,3,0.067,0.145,0.0,0.0,0.0,0.0,0.0,confidently out,1.0,high,low
8942e44e153ffff,0.089619,244,243,240,244,4,0.066,0.136,0.0,0.0,0.0,0.0,0.0,confidently out,1.0,high,low
8942e44c49bffff,0.0,245,245,245,245,0,0.0,0.0,0.0,0.0,0.0,0.0,0.0,confidently out,1.0,high,low
8942e44c4cbffff,0.0,245,245,245,245,0,0.0,0.0,0.0,0.0,0.0,0.0,0.0,confidently out,1.0,high,low
8942e44e037ffff,0.0,245,245,245,245,0,0.0,0.0,0.0,0.0,0.0,0.0,0.0,confidently out,1.0,high,low
8942e44e083ffff,0.0,245,245,245,245,0,0.0,0.0,0.0,0.0,0.0,0.0,0.0,confidently out,1.0,high,low
8942e44e087ffff,0.0,245,245,245,245,0,0.0,0.0,0.0,0.0,0.0,0.0,0.0,confidently out,1.0,high,low
8942e44e08bffff,0.0,245,245,245,245,0,0.0,0.0,0.0,0.0,0.0,0.0,0.0,confidently out,1.0,high,low
8942e44e08fffff,0.0,245,245,245,245,0,0.0,0.0,0.0,0.0,0.0,0.0,0.0,confidently out,1.0,high,low
8942e44e093ffff,0.0,245,245,245,245,0,0.0,0.0,0.0,0.0,0.0,0.0,0.0,confidently out,1.0,high,low
8942e44e097ffff,0.0,245,245,245,245,0,0.0,0.0,0.0,0.0,0.0,0.0,0.0,confidently out,1.0,high,low
8942e44e09bffff,0.0,245,245,245,245,0,0.0,0.0,0.0,0.0,0.0,0.0,0.0,confidently out,1.0,high,low
8942e44e0bbffff,0.0,245,245,245,245,0,0.0,0.0,0.0,0.0,0.0,0.0,0.0,confidently out,1.0,high,low
8942e44e247ffff,0.0,245,245,245,245,0,0.0,0.0,0.0,0.0,0.0,0.0,0.0,confidently out,1.0,high,low
8942e44e26bffff,0.0,245,245,245,245,0,0.0,0.0,0.0,0.0,0.0,0.0,0.0,confidently out,1.0,high,low
8942e44e26fffff,0.0,245,245,245,245,0,0.0,0.0,0.0,0.0,0.0,0.0,0.0,confidently out,1.0,high,low
8942e44e27bffff,0.0,245,245,245,245,0,0.0,0.0,0.0,0.0,0.0,0.0,0.0,confidently out,1.0,high,low
8942e44e407ffff,0.0,245,245,245,245,0,0.0,0.0,0.0,0.0,0.0,0.0,0.0,confidently out,1.0,high,low
8942e44e413ffff,0.0,245,245,245,245,0,0.0,0.0,0.0,0.0,0.0,0.0,0.0,confidently out,1.0,high,low
8942e44e43bffff,0.0,245,245,245,245,0,0.0,0.0,0.0,0.0,0.0,0.0,0.0,confidently out,1.0,high,low
8942e44e46bffff,0.0,245,245,245,245,0,0.0,0.0,0.0,0.0,0.0,0.0,0.0,confidently out,1.0,high,low
8942e44e693ffff,0.0,245,245,245,245,0,0.0,0.0,0.0,0.0,0.0,0.0,0.0,confidently out,1.0,high,low
8942e44e6a7ffff,0.0,245,245,245,245,0,0.0,0.0,0.0,0.0,0.0,0.0,0.0,confidently out,1.0,high,low
