h3,clipped_area_km2,inside_fraction,lst_mean_c,lst_p90_c,population,density_per_km2,people_over60,people_under5,lack_green,green_fraction,built_fraction,dist_health_m,dist_centre_m
8942e441927ffff,0.091558,0.895736,43.131,43.555,1315.03,14362.8,76.36,125.16,0.96416,0.03584,0.9087,1770.7,
8942e44192fffff,0.072454,0.708876,42.206,43.019,297.83,4110.6,14.49,31.39,0.73326,0.26674,0.68575,1762.7,
8942e44c417ffff,0.047306,0.463073,41.942,43.55,30.02,634.6,1.34,3.29,0.02159,0.97841,0.01661,1389.7,
8942e44c433ffff,0.074738,0.731586,41.462,42.94,90.07,1205.1,4.03,9.88,0.05219,0.94781,0.0428,1381.3,
8942e44c437ffff,0.059216,0.579629,43.73,44.554,40.03,676.0,1.79,4.39,0.24902,0.75098,0.05215,1305.9,
8942e44c483ffff,0.102163,1.0,43.231,44.873,1894.3,18541.9,117.48,172.18,0.08918,0.91082,0.01067,1278.6,
8942e44c487ffff,0.102167,1.0,45.364,46.734,290.22,2840.6,12.98,31.82,0.17553,0.82447,0.05167,989.1,
8942e44c48bffff,0.042355,0.414607,45.704,46.592,581.26,13723.5,35.36,53.58,0.0,1.0,0.0,1543.9,
8942e44c48fffff,0.072456,0.70924,46.278,47.007,776.2,10712.7,41.74,77.49,0.25586,0.74414,0.0629,1362.9,
8942e44c493ffff,0.102166,1.0,45.589,46.336,2435.52,23838.9,151.05,221.37,0.12538,0.87462,0.02356,892.7,
8942e44c497ffff,0.102169,1.0,45.821,46.538,1508.39,14763.7,93.2,137.48,0.25606,0.74394,0.04015,889.9,
8942e44c49bffff,0.102159,1.0,44.687,45.496,0.0,0.0,0.0,0.0,0.0,1.0,0.0,1257.1,
8942e44c4a3ffff,0.102167,1.0,41.019,42.003,250.19,2448.8,11.19,27.43,0.3346,0.6654,0.27224,768.2,
8942e44c4a7ffff,0.102171,1.0,41.914,42.253,730.55,7150.2,32.68,80.1,0.99621,0.00379,0.95751,609.3,
8942e44c4abffff,0.102161,1.0,42.039,43.41,60.04,587.7,2.69,6.58,0.08946,0.91054,0.07278,1193.9,
8942e44c4afffff,0.102165,1.0,40.786,41.774,230.17,2252.9,10.3,25.24,0.44867,0.55133,0.43422,1014.0,
8942e44c4b3ffff,0.10217,1.0,43.258,44.582,310.23,3036.4,13.88,34.02,0.18741,0.81259,0.09636,757.4,
8942e44c4b7ffff,0.102174,1.0,42.929,44.372,470.35,4603.4,21.04,51.57,0.71899,0.28101,0.66233,353.3,
8942e44c4bbffff,0.102164,1.0,43.291,46.374,170.13,1665.2,7.61,18.65,0.09665,0.90335,0.03729,1103.3,
8942e44c4c3ffff,0.077585,0.759542,45.986,46.312,20.01,258.0,0.9,2.19,0.01002,0.98998,0.00701,2040.3,
8942e44c4cbffff,0.069478,0.680224,45.752,46.04,0.0,0.0,0.0,0.0,0.09583,0.90417,0.00789,2241.1,
8942e44c4d3ffff,0.102149,1.0,45.916,46.628,20.01,195.9,0.9,2.19,0.0458,0.9542,0.03511,1770.0,
8942e44c4d7ffff,0.101162,0.990302,45.728,46.604,40.03,395.7,1.79,4.39,0.01073,0.98927,0.00613,1652.3,
8942e44c4dbffff,0.102143,1.0,45.378,46.378,77.66,760.3,4.64,7.25,0.02964,0.97036,0.00228,1863.8,
8942e44c583ffff,0.099638,0.975045,40.448,41.771,350.26,3515.3,15.67,38.4,0.99142,0.00858,0.03978,546.2,
8942e44c58bffff,0.073033,0.714737,42.861,44.447,390.29,5344.1,17.46,42.79,0.97532,0.02468,0.41631,148.7,
8942e44c593ffff,0.102191,1.0,42.772,43.265,770.58,7540.6,34.47,84.49,0.90673,0.09327,0.40061,839.4,
8942e44c597ffff,0.039801,0.389462,42.876,43.506,380.28,9554.7,17.01,41.7,0.86796,0.13204,0.5165,862.4,
8942e44c59bffff,0.102185,1.0,42.768,43.228,620.46,6072.0,27.75,68.03,0.95451,0.04549,0.60652,480.2,
8942e44c5c3ffff,0.09571,0.936754,42.089,42.437,770.58,8051.2,34.47,84.49,0.98865,0.01135,0.93268,632.0,
8942e44c5cbffff,0.04404,0.43106,44.094,44.596,40.03,908.9,1.79,4.39,0.98936,0.01064,0.03191,961.4,
8942e44c5d3ffff,0.102175,1.0,41.835,42.183,730.55,7150.0,32.68,80.1,0.99847,0.00153,0.97243,748.6,
8942e44c5d7ffff,0.102178,1.0,41.967,42.433,790.59,7737.4,35.36,86.68,0.82487,0.17513,0.75588,356.1,
8942e44c5dbffff,0.102168,1.0,42.602,43.784,550.41,5387.3,24.62,60.35,0.91318,0.08682,0.69307,1019.4,
8942e44e003ffff,0.102214,1.0,43.4,45.857,190.14,1860.2,8.5,20.85,0.07722,0.92278,0.05505,1767.7,
8942e44e007ffff,0.102218,1.0,45.887,47.287,187.74,1836.7,9.57,19.32,0.70159,0.29841,0.13819,1402.5,
8942e44e00bffff,0.102208,1.0,43.422,43.881,610.46,5972.7,27.3,66.93,0.83599,0.16401,0.68033,1788.4,
8942e44e00fffff,0.102211,1.0,43.953,44.5,460.34,4503.9,20.59,50.47,0.79195,0.20805,0.62415,1364.7,
8942e44e013ffff,0.102217,1.0,41.115,42.291,135.31,1323.7,8.39,12.3,0.0,1.0,0.0,1978.2,
8942e44e017ffff,0.10222,1.0,41.168,43.286,202.96,1985.5,12.59,18.45,0.00535,0.99465,0.00229,1566.6,
8942e44e01bffff,0.10221,1.0,42.533,44.129,90.07,881.2,4.03,9.88,0.12822,0.87178,0.02807,2165.8,
8942e44e023ffff,0.102218,1.0,43.051,43.463,1690.51,16538.3,95.5,163.79,0.8732,0.1268,0.72058,644.2,
8942e44e027ffff,0.093907,0.918652,42.536,43.106,708.54,7545.2,37.54,71.35,0.49917,0.50083,0.41832,534.7,
8942e44e02bffff,0.102212,1.0,44.25,46.414,790.59,7734.8,35.36,86.68,0.94613,0.05387,0.80197,569.1,
8942e44e02fffff,0.102216,1.0,42.856,43.259,750.56,7342.9,33.57,82.29,0.99312,0.00688,0.90749,185.2,
8942e44e033ffff,0.099533,0.973705,42.312,43.64,1518.4,15255.2,93.65,138.58,0.19282,0.80718,0.1452,1101.8,
8942e44e037ffff,0.03756,0.367424,43.287,43.962,0.0,0.0,0.0,0.0,0.0,1.0,0.0,848.3,
8942e44e03bffff,0.102215,1.0,44.019,44.858,610.46,5972.3,27.3,66.93,0.85638,0.14362,0.70665,966.7,
8942e44e043ffff,0.102198,1.0,44.37,45.066,730.55,7148.4,32.68,80.1,0.96636,0.03364,0.87385,1542.5,
8942e44e047ffff,0.102201,1.0,44.528,45.267,630.47,6168.9,28.2,69.13,0.94985,0.05015,0.81383,1667.7,
8942e44e04bffff,0.102192,1.0,44.127,44.716,640.48,6267.4,28.65,70.22,0.98775,0.01225,0.8928,1133.6,
8942e44e04fffff,0.102195,1.0,44.189,45.012,700.52,6854.8,31.33,76.81,0.98557,0.01443,0.89446,1327.5,
8942e44e053ffff,0.1022,1.0,43.553,44.103,630.47,6169.0,28.2,69.13,0.93009,0.06991,0.76976,1573.9,
8942e44e057ffff,0.102204,1.0,43.835,44.507,540.4,5287.5,24.17,59.25,0.76824,0.23176,0.56003,1960.6,
8942e44e05bffff,0.102194,1.0,43.803,44.452,720.54,7050.7,32.23,79.0,0.98709,0.01291,0.94002,1279.8,
8942e44e063ffff,0.102202,1.0,44.924,45.797,760.57,7441.8,34.02,83.39,0.97193,0.02807,0.91123,1207.0,
8942e44e067ffff,0.102206,1.0,45.333,46.102,660.49,6462.4,29.54,72.42,0.92489,0.07511,0.76935,776.6,
8942e44e06bffff,0.102196,1.0,44.665,45.071,550.41,5385.8,24.62,60.35,0.94381,0.05619,0.67122,829.2,
8942e44e06fffff,0.1022,1.0,44.405,45.361,500.37,4896.0,22.38,54.86,0.80672,0.19328,0.6929,788.1,
8942e44e073ffff,0.102205,1.0,44.772,45.276,730.55,7147.9,32.68,80.1,0.99165,0.00835,0.92407,1458.7,
8942e44e077ffff,0.102209,1.0,44.458,45.447,790.59,7735.1,35.36,86.68,0.82053,0.17947,0.77034,1010.8,
8942e44e07bffff,0.102199,1.0,45.434,46.102,700.52,6854.5,31.33,76.81,0.91902,0.08098,0.82506,1234.3,
8942e44e083ffff,0.102226,1.0,40.562,42.731,0.0,0.0,0.0,0.0,0.0,1.0,0.0,1898.1,
8942e44e087ffff,0.066576,0.651239,42.289,43.476,0.0,0.0,0.0,0.0,0.04113,0.95887,0.0,1492.4,
8942e44e08bffff,0.102219,1.0,40.018,40.891,0.0,0.0,0.0,0.0,0.0,1.0,0.0,2122.9,
8942e44e08fffff,0.102223,1.0,39.914,40.963,0.0,0.0,0.0,0.0,0.0,1.0,0.0,1678.6,
8942e44e093ffff,0.102228,1.0,43.344,45.578,0.0,0.0,0.0,0.0,0.0,1.0,0.0,1873.1,
8942e44e097ffff,0.038289,0.374529,43.517,44.656,0.0,0.0,0.0,0.0,0.0,1.0,0.0,1667.3,
8942e44e09bffff,0.102222,1.0,40.686,43.902,0.0,0.0,0.0,0.0,0.0,1.0,0.0,2273.5,
8942e44e0abffff,0.090825,0.888487,41.982,42.673,67.65,744.9,4.2,6.15,0.05993,0.94007,0.05908,1207.3,
8942e44e0bbffff,0.093661,0.916207,41.803,43.006,0.0,0.0,0.0,0.0,0.02558,0.97442,0.0,1255.2,
8942e44e0c3ffff,0.102209,1.0,44.31,45.86,260.19,2545.7,11.64,28.53,0.51745,0.48255,0.28452,1918.4,
8942e44e0c7ffff,0.102213,1.0,40.515,42.503,160.12,1566.5,7.16,17.56,0.11621,0.88379,0.10933,2275.3,
8942e44e0cbffff,0.102203,1.0,44.773,45.882,320.24,3133.4,14.32,35.11,0.41065,0.58935,0.27148,1524.3,
8942e44e0cfffff,0.102207,1.0,43.28,44.919,140.1,1370.8,6.27,15.36,0.08808,0.91192,0.04404,1908.4,
8942e44e0d3ffff,0.102212,1.0,42.268,44.643,30.02,293.7,1.34,3.29,0.00229,0.99771,0.00229,2034.8,
8942e44e0d7ffff,0.102216,1.0,39.815,42.586,50.04,489.5,2.24,5.49,0.01519,0.98481,0.01519,2325.4,
8942e44e0dbffff,0.102206,1.0,43.783,45.218,350.26,3427.0,15.67,38.4,0.30676,0.69324,0.18223,1609.8,
8942e44e143ffff,0.035249,0.344829,42.35,42.947,100.07,2839.1,4.48,10.97,0.75219,0.24781,0.73465,513.6,
8942e44e14bffff,0.089446,0.875066,42.637,43.052,480.36,5370.4,21.49,52.67,0.99038,0.00962,0.95105,425.4,
8942e44e153ffff,0.052735,0.515866,40.731,41.752,80.06,1518.2,3.58,8.78,0.05498,0.94502,0.03715,589.4,
8942e44e15bffff,0.102219,1.0,42.525,42.741,540.4,5286.7,24.17,59.25,0.99165,0.00835,0.9264,250.5,
8942e44e203ffff,0.10217,1.0,42.822,43.483,2164.91,21189.3,134.26,196.78,0.9977,0.0023,0.96634,162.0,
8942e44e207ffff,0.102174,1.0,42.547,42.885,3788.59,37079.8,234.96,344.36,0.95751,0.04249,0.86722,231.4,
8942e44e20bffff,0.102164,1.0,43.039,44.164,811.84,7946.5,50.35,73.79,0.53151,0.46849,0.4981,491.2,
8942e44e20fffff,0.102167,1.0,42.261,43.716,405.92,3973.1,25.17,36.9,0.15845,0.84155,0.09629,616.2,
8942e44e213ffff,0.102173,1.0,42.675,43.267,3517.98,34431.6,218.18,319.76,0.99468,0.00532,0.97646,307.4,
8942e44e217ffff,0.102176,1.0,42.599,42.894,3112.06,30457.8,193.0,282.87,0.99235,0.00765,0.97093,249.3,
8942e44e21bffff,0.102166,1.0,43.394,44.377,1961.95,19203.6,121.68,178.33,0.96586,0.03414,0.74734,59.9,
8942e44e223ffff,0.102175,1.0,43.321,44.383,3179.71,31120.3,197.2,289.02,0.94086,0.05914,0.84382,163.8,
8942e44e227ffff,0.102178,1.0,43.207,44.067,4194.51,41051.0,260.14,381.26,0.90575,0.09425,0.78238,362.2,
8942e44e22bffff,0.102168,1.0,44.561,45.637,811.84,7946.1,50.35,73.79,0.1047,0.8953,0.03338,498.4,
8942e44e22fffff,0.102172,1.0,44.076,45.128,3179.71,31121.2,197.2,289.02,0.70881,0.29119,0.50421,619.3,
8942e44e233ffff,0.102177,1.0,42.756,43.488,1961.95,19201.5,121.68,178.33,0.97167,0.02833,0.94257,171.5,
8942e44e237ffff,0.102181,1.0,43.714,44.287,3991.55,39063.6,247.55,362.81,0.99924,0.00076,0.81929,62.2,
8942e44e23bffff,0.102171,1.0,42.746,43.435,3112.06,30459.3,193.0,282.87,0.74465,0.25535,0.67508,348.5,
8942e44e243ffff,0.102154,1.0,43.999,44.9,1353.07,13245.4,83.91,122.99,0.61132,0.38868,0.37261,553.1,
8942e44e247ffff,0.102157,1.0,43.983,44.702,0.0,0.0,0.0,0.0,0.23766,0.76234,0.0,788.8,
8942e44e24bffff,0.102148,1.0,43.207,44.275,3450.33,33777.7,213.98,313.61,0.9611,0.0389,0.84897,231.9,
8942e44e24fffff,0.102151,1.0,42.264,42.816,2570.83,25167.0,159.44,233.67,0.51481,0.48519,0.47229,682.3,
8942e44e253ffff,0.102157,1.0,42.196,42.553,2164.91,21192.0,134.26,196.78,0.99013,0.00987,0.95596,398.9,
8942e44e257ffff,0.10216,1.0,42.534,43.468,2570.83,25164.8,159.44,233.67,0.84721,0.15279,0.80825,367.5,
8942e44e25bffff,0.10215,1.0,43.292,44.8,2570.83,25167.2,159.44,233.67,0.88298,0.11702,0.67173,352.2,
8942e44e263ffff,0.102158,1.0,42.848,44.663,135.31,1324.5,8.39,12.3,0.07441,0.92559,0.041,1136.3,
8942e44e267ffff,0.102162,1.0,45.945,46.549,811.84,7946.6,50.35,73.79,0.19117,0.80883,0.12795,916.5,
8942e44e26bffff,0.102152,1.0,43.586,45.721,0.0,0.0,0.0,0.0,0.01973,0.98027,0.0,1447.8,
8942e44e26fffff,0.102156,1.0,45.669,46.234,0.0,0.0,0.0,0.0,0.00307,0.99693,0.0,1342.2,
8942e44e273ffff,0.102161,1.0,41.487,43.382,202.96,1986.7,12.59,18.45,0.03738,0.96262,0.0,886.8,
8942e44e277ffff,0.102165,1.0,42.296,44.629,135.31,1324.4,8.39,12.3,0.04401,0.95599,0.0,722.0,
8942e44e27bffff,0.102155,1.0,42.258,43.463,0.0,0.0,0.0,0.0,0.06422,0.93578,0.0,1133.7,
8942e44e283ffff,0.102182,1.0,42.803,43.139,2445.53,23933.1,151.49,222.47,0.97412,0.02588,0.91096,419.5,
8942e44e287ffff,0.102185,1.0,43.666,45.018,923.91,9041.6,49.51,92.42,0.91496,0.08504,0.72134,748.9,
8942e44e28bffff,0.102175,1.0,43.051,43.36,3112.06,30458.1,193.0,282.87,0.98546,0.01454,0.9342,13.9,
8942e44e28fffff,0.102179,1.0,42.856,43.148,3991.55,39064.3,247.55,362.81,0.97418,0.02582,0.92938,454.7,
8942e44e293ffff,0.102184,1.0,42.848,43.538,3026.79,29621.0,186.85,276.06,0.99621,0.00379,0.91426,688.9,
8942e44e297ffff,0.102188,1.0,43.463,44.21,1610.45,15759.7,91.92,155.01,0.98255,0.01745,0.89454,849.6,
8942e44e29bffff,0.102178,1.0,42.333,42.569,2164.91,21187.6,134.26,196.78,0.99848,0.00152,0.94909,446.4,
8942e44e2a3ffff,0.102186,1.0,42.624,42.891,2069.22,20249.6,122.97,193.9,0.95976,0.04024,0.92103,580.8,
8942e44e2a7ffff,0.10219,1.0,42.916,43.662,933.92,9139.0,49.96,93.52,0.96513,0.03487,0.884,481.7,
8942e44e2abffff,0.10218,1.0,43.028,43.42,3179.71,31118.7,197.2,289.02,0.93551,0.06449,0.7959,296.8,
8942e44e2afffff,0.102184,1.0,43.081,43.587,4803.4,47007.3,297.9,436.6,0.97644,0.02356,0.90426,148.2,
8942e44e2b3ffff,0.102189,1.0,42.971,43.921,620.46,6071.7,27.75,68.03,0.93703,0.06297,0.84977,942.2,
8942e44e2b7ffff,0.102192,1.0,43.539,44.355,670.5,6561.2,29.99,73.52,0.96865,0.03135,0.79358,912.8,
8942e44e2bbffff,0.102183,1.0,43.219,44.211,4459.92,43646.4,274.35,407.82,0.92314,0.07686,0.68493,539.6,
8942e44e2c3ffff,0.102166,1.0,42.018,42.39,3788.59,37082.7,234.96,344.36,1.0,0.0,0.98483,418.3,
8942e44e2c7ffff,0.102169,1.0,42.558,42.882,3382.67,33108.6,209.79,307.46,0.99847,0.00153,0.97099,90.2,
8942e44e2cbffff,0.092437,0.904835,42.647,43.223,3788.59,40985.7,234.96,344.36,1.0,0.0,0.9907,34.3,
8942e44e2cfffff,0.102163,1.0,42.496,42.96,2435.52,23839.6,151.05,221.37,0.99241,0.00759,0.97191,214.4,
8942e44e2d3ffff,0.102168,1.0,42.529,42.686,3112.06,30460.2,193.0,282.87,0.99771,0.00229,0.98856,740.7,
8942e44e2d7ffff,0.102172,1.0,42.585,42.948,2976.75,29134.7,184.61,270.57,0.9772,0.0228,0.94605,449.2,
8942e44e2dbffff,0.066843,0.654285,42.344,42.809,1961.95,29351.6,121.68,178.33,0.99885,0.00115,0.96882,376.3,
8942e44e303ffff,0.102195,1.0,43.132,43.784,740.55,7246.5,33.12,81.2,0.99082,0.00918,0.93879,863.4,
8942e44e307ffff,0.102199,1.0,43.378,43.924,370.28,3623.1,16.56,40.6,0.96892,0.03108,0.88855,467.8,
8942e44e30bffff,0.102189,1.0,43.146,43.46,650.49,6365.5,29.1,71.32,0.9878,0.0122,0.95195,617.4,
8942e44e30fffff,0.102193,1.0,44.024,44.987,670.5,6561.1,29.99,73.52,0.80379,0.19621,0.48258,880.9,
8942e44e313ffff,0.102198,1.0,42.502,43.102,610.46,5973.3,27.3,66.93,0.98103,0.01897,0.95524,914.9,
8942e44e317ffff,0.102202,1.0,43.416,44.814,450.34,4406.3,20.14,49.38,0.9084,0.0916,0.81298,543.6,
8942e44e31bffff,0.102192,1.0,42.982,43.262,510.38,4994.3,22.83,55.96,0.9697,0.0303,0.91742,735.0,
8942e44e323ffff,0.063526,0.621582,44.783,45.566,340.25,5356.2,15.22,37.31,0.91176,0.08824,0.3223,762.2,
8942e44e32bffff,0.102193,1.0,43.73,45.26,580.43,5679.8,25.96,63.64,0.86884,0.13116,0.43745,1077.6,
8942e44e32fffff,0.029547,0.289118,43.792,44.615,240.18,8128.7,10.74,26.33,0.94164,0.05836,0.77188,1185.1,
8942e44e333ffff,0.0752,0.735797,44.551,45.509,470.35,6254.7,21.04,51.57,0.71782,0.28218,0.4758,331.2,
8942e44e33bffff,0.102196,1.0,44.12,45.822,650.49,6365.1,29.1,71.32,0.70444,0.29556,0.62021,692.2,
8942e44e343ffff,0.102179,1.0,42.385,43.136,943.93,9238.0,50.41,94.62,0.97778,0.02222,0.9295,138.1,
8942e44e347ffff,0.102183,1.0,44.262,45.797,870.65,8520.5,38.94,95.46,0.95299,0.04701,0.84003,356.9,
8942e44e34bffff,0.102173,1.0,44.47,46.065,330.25,3232.2,14.77,36.21,0.27433,0.72567,0.13793,560.1,
8942e44e34fffff,0.102176,1.0,44.853,45.57,700.52,6856.1,31.33,76.81,0.86505,0.13495,0.79757,493.6,
8942e44e353ffff,0.102182,1.0,43.393,44.034,3044.41,29793.9,188.81,276.72,0.90971,0.09029,0.78225,210.6,
8942e44e357ffff,0.102185,1.0,43.144,43.533,680.92,6663.6,35.14,69.59,0.83612,0.16388,0.73217,307.6,
8942e44e35bffff,0.102175,1.0,44.465,46.334,1758.99,17215.5,109.09,159.88,0.33207,0.66793,0.26839,552.3,
8942e44e363ffff,0.102184,1.0,43.467,44.894,780.58,7639.0,34.91,85.59,0.98939,0.01061,0.65049,409.0,
8942e44e367ffff,0.102187,1.0,43.342,45.329,550.41,5386.3,24.62,60.35,0.8915,0.1085,0.56297,844.5,
8942e44e36bffff,0.102177,1.0,41.999,42.426,840.63,8227.2,37.6,92.17,0.9765,0.0235,0.91888,290.1,
8942e44e36fffff,0.102181,1.0,42.74,43.526,640.48,6268.1,28.65,70.22,0.96177,0.03823,0.6919,672.1,
8942e44e373ffff,0.102186,1.0,43.423,43.768,830.62,8128.5,37.15,91.07,0.91724,0.08276,0.84055,551.7,
8942e44e377ffff,0.10219,1.0,43.565,44.314,850.64,8324.1,38.05,93.27,0.91152,0.08848,0.71167,787.7,
8942e44e37bffff,0.10218,1.0,43.603,44.879,690.52,6757.9,30.89,75.71,0.92502,0.07498,0.86687,171.9,
8942e44e383ffff,0.102207,1.0,44.495,45.014,480.36,4699.9,21.49,52.67,0.92489,0.07511,0.6214,606.6,
8942e44e387ffff,0.10221,1.0,43.908,44.572,560.42,5483.0,25.07,61.45,0.9672,0.0328,0.86194,606.6,
8942e44e38bffff,0.102201,1.0,43.444,44.066,530.4,5189.7,23.72,58.16,0.86764,0.13236,0.72915,774.3,
8942e44e38fffff,0.102204,1.0,43.23,44.71,630.47,6168.8,28.2,69.13,0.96507,0.03493,0.57099,787.4,
8942e44e393ffff,0.10221,1.0,43.791,45.154,770.58,7539.2,34.47,84.49,0.82725,0.17275,0.57306,367.5,
8942e44e397ffff,0.102213,1.0,43.268,43.898,820.61,8028.5,36.7,89.98,0.95979,0.04021,0.82018,190.6,
8942e44e39bffff,0.102203,1.0,45.05,45.963,770.58,7539.7,34.47,84.49,0.83144,0.16856,0.80638,778.5,
8942e44e3abffff,0.092784,0.907825,44.07,44.539,470.35,5069.3,21.04,51.57,0.81292,0.18708,0.4245,194.2,
8942e44e3b3ffff,0.048237,0.471923,43.348,43.659,300.22,6224.0,13.43,32.92,1.0,0.0,0.9552,587.3,
8942e44e3bbffff,0.102208,1.0,44.095,45.845,630.47,6168.5,28.2,69.13,0.84318,0.15682,0.78333,366.2,
8942e44e3c3ffff,0.102191,1.0,43.481,44.553,1289.8,12621.5,72.9,124.93,0.90447,0.09553,0.71721,24.8,
8942e44e3c7ffff,0.102194,1.0,42.525,43.191,550.41,5386.0,24.62,60.35,0.98851,0.01149,0.94334,463.4,
8942e44e3cbffff,0.102184,1.0,43.818,44.796,4938.7,48331.5,306.29,448.9,0.93546,0.06454,0.74867,249.7,
8942e44e3cfffff,0.102188,1.0,42.661,43.325,1941.52,18999.5,116.08,181.16,0.98858,0.01142,0.94745,392.2,
8942e44e3d3ffff,0.102193,1.0,43.097,43.633,500.37,4896.4,22.38,54.86,0.97399,0.02601,0.83244,466.5,
8942e44e3d7ffff,0.102197,1.0,43.012,44.654,680.51,6658.8,30.44,74.61,0.98634,0.01366,0.92716,455.0,
8942e44e3dbffff,0.102187,1.0,43.493,43.954,3655.69,35774.5,225.51,333.59,0.92477,0.07523,0.85106,98.4,
8942e44e403ffff,0.074842,0.732077,41.043,42.196,744.19,9943.5,46.15,67.64,0.15635,0.84365,0.149,1378.6,
8942e44e407ffff,0.026271,0.256964,41.38,42.132,0.0,0.0,0.0,0.0,0.0,1.0,0.0,1189.4,
8942e44e40bffff,0.102226,1.0,41.135,43.476,2377.88,23261.0,147.3,216.32,0.39651,0.60349,0.35709,1740.4,
8942e44e40fffff,0.10223,1.0,42.107,42.76,4126.86,40368.4,255.94,375.11,0.50379,0.49621,0.44082,1473.3,
8942e44e413ffff,0.033806,0.330673,40.511,41.165,0.0,0.0,0.0,0.0,0.08924,0.91076,0.0,1394.7,
8942e44e41bffff,0.102229,1.0,42.28,43.844,1711.35,16740.4,105.79,155.93,0.38438,0.61562,0.21531,1690.3,
8942e44e42bffff,0.101443,0.992295,43.044,45.359,744.19,7336.0,46.15,67.64,0.09028,0.90972,0.08569,1666.5,
8942e44e43bffff,0.078919,0.771949,43.266,45.149,0.0,0.0,0.0,0.0,0.0,1.0,0.0,1354.2,
8942e44e443ffff,0.102217,1.0,43.798,45.289,530.4,5188.9,23.72,58.16,0.67685,0.32315,0.5806,2470.7,
8942e44e447ffff,0.10222,1.0,39.706,41.485,40.03,391.6,1.79,4.39,0.0,1.0,0.0,2158.6,
8942e44e44bffff,0.10221,1.0,43.676,44.251,560.42,5483.0,25.07,61.45,0.71276,0.28724,0.62872,2436.4,
8942e44e44fffff,0.102214,1.0,44.099,45.841,30.02,293.7,1.34,3.29,0.00835,0.99165,0.00228,2434.5,
8942e44e453ffff,0.102219,1.0,43.429,44.169,640.48,6265.8,28.65,70.22,0.89294,0.10706,0.74184,2188.6,
8942e44e457ffff,0.102223,1.0,42.206,44.415,290.22,2839.1,12.98,31.82,0.38099,0.61901,0.3057,2072.6,
8942e44e45bffff,0.102213,1.0,42.928,43.266,560.42,5482.9,25.07,61.45,0.98633,0.01367,0.94533,2111.1,
8942e44e463ffff,0.102221,1.0,41.884,43.284,297.83,2913.5,14.49,31.39,0.43508,0.56492,0.388,2153.7,
8942e44e467ffff,0.102225,1.0,42.139,44.805,1082.46,10588.9,67.13,98.39,0.29962,0.70038,0.29049,2059.1,
8942e44e46bffff,0.102215,1.0,39.189,40.209,0.0,0.0,0.0,0.0,0.00607,0.99393,0.00607,2241.0,
8942e44e46fffff,0.102218,1.0,39.436,41.194,87.67,857.7,5.09,8.34,0.06881,0.93119,0.06651,2461.6,
8942e44e473ffff,0.102224,1.0,41.764,42.925,1868.66,18280.1,109.32,176.98,0.66514,0.33486,0.50228,1903.4,
8942e44e477ffff,0.102227,1.0,41.092,42.249,1556.03,15221.3,96.5,141.43,0.20182,0.79818,0.14492,1730.4,
8942e44e47bffff,0.102217,1.0,43.151,44.707,180.13,1762.3,8.06,19.75,0.27982,0.72018,0.2133,2333.5,
8942e44e4c3ffff,0.100985,0.987841,44.321,45.413,200.15,1982.0,8.95,21.95,0.35258,0.64742,0.19323,1760.5,
8942e44e4c7ffff,0.102232,1.0,41.749,44.212,368.29,3602.5,22.32,34.04,0.15115,0.84885,0.08092,1519.8,
8942e44e4cbffff,0.099144,0.969886,43.372,43.882,443.14,4469.7,23.33,44.78,0.37333,0.62667,0.32,1898.6,
8942e44e4cfffff,0.102225,1.0,42.848,44.602,230.17,2251.6,10.3,25.24,0.28604,0.71396,0.16161,1941.9,
8942e44e4d7ffff,0.078757,0.770356,39.944,42.43,10.01,127.1,0.45,1.1,0.18639,0.81361,0.0,1391.8,
8942e44e603ffff,0.102189,1.0,44.39,45.267,710.53,6953.1,31.78,77.91,0.95798,0.04202,0.88464,1063.5,
8942e44e607ffff,0.102192,1.0,43.881,44.729,700.52,6855.0,31.33,76.81,0.98709,0.01291,0.8527,903.8,
8942e44e60bffff,0.102182,1.0,44.876,45.494,668.1,6538.4,31.05,71.99,0.96737,0.03263,0.91047,727.4,
8942e44e60fffff,0.102186,1.0,45.208,46.389,190.14,1860.7,8.5,20.85,0.54897,0.45103,0.36371,604.4,
8942e44e613ffff,0.102191,1.0,43.985,44.878,590.44,5777.8,26.41,64.74,0.96963,0.03037,0.81701,1254.7,
8942e44e617ffff,0.102195,1.0,44.139,45.078,600.45,5875.5,26.86,65.84,0.82096,0.17904,0.72456,1332.2,
8942e44e61bffff,0.102185,1.0,44.178,44.523,560.42,5484.4,25.07,61.45,0.97342,0.02658,0.89749,824.5,
8942e44e623ffff,0.102193,1.0,44.016,44.634,570.43,5581.9,25.51,62.54,0.9924,0.0076,0.90426,777.7,
8942e44e627ffff,0.102197,1.0,44.751,45.814,630.47,6169.2,28.2,69.13,0.93969,0.06031,0.93206,1156.2,
8942e44e62bffff,0.102187,1.0,43.005,43.564,921.1,9013.9,45.88,95.92,0.96889,0.03111,0.91351,408.5,
8942e44e62fffff,0.102191,1.0,43.959,44.314,810.61,7932.3,36.26,88.88,0.99618,0.00382,0.89076,848.9,
8942e44e633ffff,0.102196,1.0,43.592,44.535,610.46,5973.4,27.3,66.93,0.9725,0.0275,0.81818,954.4,
8942e44e637ffff,0.1022,1.0,43.799,45.048,530.4,5189.8,23.72,58.16,0.959,0.041,0.9514,1188.7,
8942e44e63bffff,0.10219,1.0,43.855,45.026,610.46,5973.7,27.3,66.93,0.94733,0.05267,0.85038,530.1,
8942e44e643ffff,0.102173,1.0,44.024,44.608,2300.22,22513.0,142.65,209.08,0.99234,0.00766,0.91807,36.8,
8942e44e647ffff,0.102176,1.0,43.87,44.595,3247.37,31782.1,201.39,295.17,0.99696,0.00304,0.96505,443.5,
8942e44e64bffff,0.037674,0.368751,44.338,44.982,1217.76,32323.7,75.52,110.69,0.68033,0.31967,0.52664,345.9,
8942e44e64fffff,0.079155,0.774742,43.908,44.877,3315.02,41880.1,205.59,301.32,0.95093,0.04907,0.80373,455.2,
8942e44e653ffff,0.036176,0.354062,44.36,45.097,1054.83,29158.3,64.73,96.63,0.98504,0.01496,0.9594,335.3,
8942e44e657ffff,0.102179,1.0,44.681,45.274,1106.86,10832.5,61.2,108.68,0.99771,0.00229,0.92607,394.3,
8942e44e663ffff,0.102177,1.0,43.115,43.602,2841.45,27809.0,176.22,258.27,0.98178,0.01822,0.97646,58.1,
8942e44e667ffff,0.102181,1.0,43.186,44.038,2841.45,27808.0,176.22,258.27,0.98247,0.01753,0.8811,314.8,
8942e44e66bffff,0.102171,1.0,42.794,43.38,3720.94,36418.7,230.77,338.21,0.99696,0.00304,0.97644,451.4,
8942e44e66fffff,0.102174,1.0,42.855,43.473,2773.79,27147.7,172.02,252.12,0.93435,0.06565,0.90382,516.3,
8942e44e673ffff,0.10218,1.0,44.096,45.458,2959.14,28960.0,182.65,269.91,0.82165,0.17835,0.69131,402.4,
8942e44e677ffff,0.102183,1.0,43.132,43.568,2089.24,20446.0,123.86,196.09,0.94613,0.05387,0.87633,146.1,
8942e44e67bffff,0.102174,1.0,43.905,44.87,2164.91,21188.5,134.26,196.78,0.97016,0.02984,0.70543,412.9,
8942e44e683ffff,0.1022,1.0,45.408,46.094,60.04,587.5,2.69,6.58,0.63062,0.36938,0.07464,1948.2,
8942e44e687ffff,0.102204,1.0,45.048,45.865,220.16,2154.2,9.85,24.14,0.57468,0.42532,0.3298,2088.0,
8942e44e68bffff,0.10135,0.991742,44.776,46.849,140.1,1382.4,6.27,15.36,0.8291,0.1709,0.20554,1528.8,
8942e44e68fffff,0.102198,1.0,44.851,45.436,350.26,3427.3,15.67,38.4,0.83371,0.16629,0.10554,1684.9,
8942e44e693ffff,0.048001,0.469665,42.495,43.576,0.0,0.0,0.0,0.0,0.0,1.0,0.0,1865.5,
8942e44e697ffff,0.102207,1.0,43.435,43.909,450.34,4406.1,20.14,49.38,0.80364,0.19636,0.71948,2119.8,
8942e44e6a3ffff,0.102205,1.0,44.298,45.565,290.22,2839.6,12.98,31.82,0.21093,0.78907,0.11684,1682.5,
8942e44e6a7ffff,0.102208,1.0,41.973,43.095,0.0,0.0,0.0,0.0,0.00304,0.99696,0.00228,1811.5,
8942e44e6abffff,0.102199,1.0,44.756,47.02,500.37,4896.1,22.38,54.86,0.74867,0.25133,0.31587,1280.1,
8942e44e6afffff,0.102202,1.0,43.673,44.68,280.21,2741.7,12.53,30.72,0.34627,0.65373,0.22983,1382.4,
8942e44e6b3ffff,0.102208,1.0,43.066,45.105,270.2,2643.7,12.09,29.63,0.1473,0.8527,0.10251,2042.7,
8942e44e6b7ffff,0.102211,1.0,40.671,42.398,50.04,489.6,2.24,5.49,0.01681,0.98319,0.00153,2096.0,
8942e44e6bbffff,0.102201,1.0,45.252,46.431,580.43,5679.3,25.96,63.64,0.53161,0.46839,0.31531,1669.9,
8942e44e6c7ffff,0.085745,0.839088,44.603,45.607,730.55,8520.0,32.68,80.1,0.98089,0.01911,0.85987,1114.7,
8942e44e6cfffff,0.06151,0.601971,44.707,45.008,290.22,4718.2,12.98,31.82,0.99372,0.00628,0.87186,703.6,
8942e44f107ffff,0.089178,0.87318,42.982,43.3,3409.88,38236.8,207.49,314.25,1.0,0.0,0.90489,1599.2,
8942e44f117ffff,0.049506,0.484725,43.225,44.355,1285.42,25964.8,79.72,116.84,0.63736,0.36264,0.60126,1163.7,
8942e44f123ffff,0.050203,0.491558,43.091,43.374,300.22,5980.2,13.43,32.92,0.96429,0.03571,0.91304,2114.3,
8942e44f127ffff,0.037344,0.365638,44.506,45.805,190.14,5091.6,8.5,20.85,0.93971,0.06029,0.49272,2334.7,
8942e44f133ffff,0.102133,1.0,43.088,43.53,2352.24,23031.2,139.13,221.12,1.0,0.0,0.97318,1750.9,
8942e44f137ffff,0.102137,1.0,44.1,45.506,450.34,4409.1,20.14,49.38,0.81487,0.18513,0.7481,1997.1,
8942e44f183ffff,0.077308,0.7569,43.113,43.546,2164.91,28003.7,134.26,196.78,0.93826,0.06174,0.85931,545.5,
8942e44f187ffff,0.102141,1.0,43.009,43.996,3179.71,31130.6,197.2,289.02,0.97568,0.02432,0.79331,414.3,
8942e44f18fffff,0.037285,0.365052,43.442,43.92,879.49,23588.4,54.54,79.94,0.99376,0.00624,0.85447,727.6,
8942e44f193ffff,0.066848,0.654467,43.584,44.105,1961.95,29349.4,121.68,178.33,0.82831,0.17169,0.77146,607.0,
8942e44f197ffff,0.102144,1.0,42.834,43.229,3247.37,31792.0,201.39,295.17,0.92103,0.07897,0.82232,223.9,
8942e44f1a3ffff,0.102142,1.0,42.689,43.545,4871.05,47689.0,302.09,442.75,0.94381,0.05619,0.77525,1085.4,
8942e44f1a7ffff,0.102146,1.0,45.656,46.495,135.31,1324.6,8.39,12.3,0.26707,0.73293,0.09256,1431.6,
8942e44f1abffff,0.102136,1.0,42.926,43.156,4126.86,40405.5,255.94,375.11,1.0,0.0,0.95897,1295.9,
8942e44f1afffff,0.10214,1.0,44.709,45.752,2377.88,23280.6,147.3,216.32,0.84557,0.15443,0.37385,1540.3,
8942e44f1b3ffff,0.102145,1.0,42.397,42.85,3315.02,32454.1,205.59,301.32,0.97344,0.02656,0.94613,636.5,
8942e44f1b7ffff,0.102149,1.0,42.935,44.337,1353.07,13246.0,83.91,122.99,0.32494,0.67506,0.29138,1023.1,
8942e44f1bbffff,0.102139,1.0,42.978,43.418,2841.45,27819.4,176.22,258.27,0.97552,0.02448,0.94568,845.4,
8942e44f527ffff,0.10138,0.992436,42.838,43.34,3653.29,36035.6,226.57,332.06,0.97918,0.02082,0.90208,370.4,
8942e44f52fffff,0.088884,0.870157,43.272,43.937,3382.67,38057.2,209.79,307.46,0.88734,0.11266,0.85764,565.2,
8942e44f5a7ffff,0.097849,0.957756,42.606,43.142,2232.56,22816.4,138.46,202.93,0.98179,0.01821,0.85352,688.2,
8942e44f5afffff,0.025799,0.252543,42.459,42.839,405.92,15734.0,25.17,36.9,0.99692,0.00308,0.95692,507.5,
