h3,lst_day_mean_n,lst_day_mean_n_rank,population_n,population_n_rank,lack_green_n,lack_green_n_rank,dist_health_n,dist_health_n_rank
8942e441927ffff,0.512660944206008,0.45454545454545453,0.8754528621610067,0.7196969696969697,0.9665106800361852,0.6856060606060606,0.8060804105730583,0.8446969696969697
8942e44192fffff,0.3141630901287553,0.1571969696969697,0.6947523368205484,0.26704545454545453,0.734937729040592,0.39015151515151514,0.8020709080520836,0.8333333333333334
8942e44c417ffff,0.25751072961373317,0.11363636363636363,0.41864405457742354,0.0946969696969697,0.021193588568379707,0.0946969696969697,0.6151278530116377,0.7121212121212122
8942e44c433ffff,0.15450643776824022,0.08333333333333333,0.5499181096493195,0.14962121212121213,0.051882771333495135,0.12121212121212122,0.6109178753646143,0.7045454545454546
8942e44c437ffff,0.6412017167381963,0.6571969696969697,0.45273292989036135,0.10795454545454546,0.24928642635498757,0.23484848484848486,0.5731283141044275,0.6742424242424242
8942e44c483ffff,0.5341201716738195,0.5,0.9199128087350481,0.7613636363636364,0.08898057755838466,0.15151515151515152,0.5594458867516012,0.6590909090909091
8942e44c487ffff,0.991845493562231,0.9431818181818182,0.691608104588119,0.2556818181818182,0.17558224199523814,0.20454545454545456,0.414352014273829,0.5606060606060606
8942e44c48bffff,1.0,0.9696969696969697,0.7760574817093921,0.4431818181818182,0.0,0.02462121212121212,0.6924110141034252,0.7651515151515151
8942e44c48fffff,1.0,1.0,0.8112566791792661,0.625,0.25614636132601337,0.23863636363636365,0.6016960195663723,0.6931818181818182
8942e44c493ffff,1.0,0.9583333333333334,0.9505305649132495,0.8314393939393939,0.1252860813524101,0.18181818181818182,0.3660375088960838,0.5265151515151515
8942e44c497ffff,1.0,0.9810606060606061,0.892162140561086,0.7310606060606061,0.256346944219903,0.24242424242424243,0.3646341830137426,0.5227272727272727
8942e44c49bffff,0.8465665236051494,0.875,0.0,0.03787878787878788,0.0,0.02462121212121212,0.5486703487264817,0.6553030303030303
8942e44c4a3ffff,0.05944206008583565,0.056818181818181816,0.6735844473438625,0.23484848484848486,0.3351158466503659,0.2765151515151515,0.30363962591341487,0.4431818181818182
8942e44c4a7ffff,0.25150214592274633,0.10984848484848485,0.8038784732596453,0.5795454545454546,0.9986540887820006,0.9337121212121212,0.2240008820905546,0.35984848484848486
8942e44c4abffff,0.2783261802575103,0.13636363636363635,0.5011504155386292,0.1268939393939394,0.08926139360983017,0.1590909090909091,0.5169952788107816,0.6325757575757576
8942e44c4afffff,0.009442060085836259,0.05303030303030303,0.6634607993206117,0.22537878787878787,0.449518300180324,0.3106060606060606,0.4268315908703628,0.5681818181818182
8942e44c4b3ffff,0.5399141630901287,0.5037878787878788,0.6997080212744773,0.2803030303030303,0.18749686589228295,0.21212121212121213,0.29822679751009895,0.4356060606060606
8942e44c4b7ffff,0.4693133047210299,0.375,0.7503003548116003,0.3522727272727273,0.720626139561566,0.38636363636363635,0.0956968014193639,0.14393939393939395
8942e44c4bbffff,0.5469957081545052,0.5265151515151515,0.6268051209509785,0.1856060606060606,0.09647234864516284,0.17045454545454544,0.471587662760743,0.5946969696969697
8942e44c4c3ffff,1.0,0.9962121212121212,0.37115197956966023,0.08522727272727272,0.009589868156863843,0.07575757575757576,0.941200645529906,0.9090909090909091
8942e44c4cbffff,1.0,0.9772727272727273,0.0,0.03787878787878788,0.0956499587802153,0.16666666666666666,1.0,0.9659090909090909
8942e44c4d3ffff,1.0,0.9886363636363636,0.37115197956966023,0.08522727272727272,0.04547414787372103,0.11742424242424243,0.8057295791024729,0.8409090909090909
8942e44c4d7ffff,1.0,0.9734848484848485,0.45273292989036135,0.10795454545454546,0.010301937430172077,0.07954545454545454,0.7467397732626325,0.7840909090909091
8942e44c4dbffff,0.9948497854077252,0.946969696969697,0.5320621346634353,0.13636363636363635,0.029267050047437848,0.10227272727272728,0.8527409961609015,0.8560606060606061
8942e44c583ffff,0.0,0.026515151515151516,0.7144559262268643,0.29924242424242425,0.9938501284733435,0.8863636363636364,0.19237593095636663,0.3068181818181818
8942e44c58bffff,0.4547210300429172,0.3560606060606061,0.7276104709009388,0.3181818181818182,0.9777032055152273,0.7689393939393939,0.0,0.045454545454545456
8942e44c593ffff,0.43562231759656556,0.3106060606060606,0.8103720868242853,0.615530303030303,0.9089133020557741,0.5303030303030303,0.33932419835008976,0.48484848484848486
8942e44c597ffff,0.457939914163089,0.35984848484848486,0.7244517210538878,0.3143939393939394,0.8700303080752667,0.4962121212121212,0.350851518097892,0.5075757575757576
8942e44c59bffff,0.4347639484978536,0.3068181818181818,0.7839990976341241,0.4753787878787879,0.9568325554060099,0.6553030303030303,0.15929753515832523,0.25757575757575757
8942e44c5c3ffff,0.2890557939914153,0.14015151515151514,0.8103720868242853,0.615530303030303,0.991072055392972,0.8636363636363636,0.23537784549382038,0.375
8942e44c5cbffff,0.7193133047210298,0.7575757575757576,0.45273292989036135,0.10795454545454546,0.9917841246662802,0.8674242424242424,0.4004691117949541,0.553030303030303
8942e44c5d3ffff,0.23454935622317538,0.10227272727272728,0.8038784732596453,0.5795454545454546,1.0,0.9640151515151515,0.2938163447370268,0.42803030303030304
8942e44c5d7ffff,0.2628755364806857,0.11742424242424243,0.8134928390731632,0.6363636363636364,0.8268147235867431,0.4431818181818182,0.09710012730170506,0.14772727272727273
8942e44c5dbffff,0.3991416309012862,0.26515151515151514,0.7694220307821902,0.4071969696969697,0.915382100383715,0.5492424242424242,0.4295380050720207,0.571969696969697
8942e44e003ffff,0.5703862660944198,0.5643939393939394,0.64028393428254,0.20075757575757575,0.076985720503784,0.14393939393939395,0.8045768471276928,0.8371212121212122
8942e44e007ffff,1.0,0.9848484848484849,0.6387437762598466,0.19318181818181818,0.703175427793167,0.36742424242424243,0.6215430570451971,0.7234848484848485
8942e44e00bffff,0.5751072961373379,0.571969696969697,0.7820218124242587,0.4621212121212121,0.8379671324870073,0.4659090909090909,0.8149514349007148,0.8484848484848485
8942e44e00fffff,0.6890557939914165,0.7159090909090909,0.747683930810988,0.3446969696969697,0.7937987792525079,0.4090909090909091,0.6025981576335917,0.696969696969697
8942e44e013ffff,0.08004291845493515,0.06818181818181818,0.5990763615594548,0.16477272727272727,0.0,0.02462121212121212,0.9100768822108398,0.8977272727272727
8942e44e017ffff,0.0914163090128745,0.07575757575757576,0.6481966975157424,0.21401515151515152,0.004906257584540672,0.06439393939393939,0.7037879775066909,0.7689393939393939
8942e44e01bffff,0.38433476394849747,0.23863636363636365,0.5499181096493195,0.14962121212121213,0.12813435844564303,0.1856060606060606,1.0,0.9545454545454546
8942e44e023ffff,0.4954935622317595,0.42234848484848486,0.9060472568063002,0.7462121212121212,0.8752855798951754,0.5037878787878788,0.24149233683830684,0.38257575757575757
8942e44e027ffff,0.3849785407725318,0.24621212121212122,0.8001549214381077,0.5606060606060606,0.5001654808874589,0.3143939393939394,0.18661227108246548,0.2916666666666667
8942e44e02bffff,0.7527896995708151,0.7954545454545454,0.8134928390731632,0.6363636363636364,0.9484281321520338,0.634469696969697,0.20385313192265672,0.32954545454545453
8942e44e02fffff,0.4536480686695276,0.3503787878787879,0.8071677072618993,0.6022727272727273,0.9955550830714055,0.9128787878787878,0.011447129697382786,0.06439393939393939
8942e44e033ffff,0.33690987124463395,0.1893939393939394,0.8929678179727331,0.7348484848484849,0.1929226331719978,0.2196969696969697,0.47083588103806023,0.5909090909090909
8942e44e037ffff,0.5461373390557932,0.5227272727272727,0.0,0.03787878787878788,0.0,0.02462121212121212,0.3437847699046741,0.4962121212121212
8942e44e03bffff,0.7032188841201709,0.7386363636363636,0.7820218124242587,0.4621212121212121,0.8584165585190564,0.48484848484848486,0.4031254072150999,0.5568181818181818
8942e44e043ffff,0.7785407725321879,0.821969696969697,0.8038784732596453,0.5795454545454546,0.9687170918689713,0.7045454545454546,0.6917093511622545,0.7613636363636364
8942e44e047ffff,0.8124463519313299,0.8522727272727273,0.7859467489182769,0.48863636363636365,0.9521589739783811,0.6439393939393939,0.7544580656155089,0.7954545454545454
8942e44e04bffff,0.7263948497854078,0.7803030303030303,0.7878637677352793,0.5037878787878788,0.9901694323704686,0.8484848484848485,0.4867736535589347,0.6022727272727273
8942e44e04fffff,0.7396995708154502,0.7916666666666666,0.7987693521266634,0.5511363636363636,0.9879830788270714,0.8295454545454546,0.5839539709110592,0.678030303030303
8942e44e053ffff,0.6032188841201706,0.6174242424242424,0.7859467489182769,0.48863636363636365,0.9323413840620844,0.5871212121212122,0.7074466485570804,0.7727272727272727
8942e44e057ffff,0.6637339055793988,0.6893939393939394,0.7671889920528152,0.3958333333333333,0.7700196771818906,0.4053030303030303,0.9012559766646954,0.8939393939393939
8942e44e05bffff,0.6568669527896985,0.6818181818181818,0.8021991158871696,0.5681818181818182,0.9895075088206328,0.8428030303030303,0.5600473121297476,0.6628787878787878
8942e44e063ffff,0.8974248927038623,0.9204545454545454,0.8087804268575137,0.6060606060606061,0.9743033254637977,0.7424242424242424,0.5235608391888776,0.6363636363636364
8942e44e067ffff,0.9851931330472097,0.9393939393939394,0.7916078166097621,0.5189393939393939,0.9271262288209536,0.5776515151515151,0.3078496035604383,0.45075757575757575
8942e44e06bffff,0.8418454935622313,0.8674242424242424,0.7694220307821902,0.4071969696969697,0.946101370582914,0.6268939393939394,0.334212082635847,0.4810606060606061
8942e44e06fffff,0.7860515021459226,0.8295454545454546,0.7578262033474079,0.3712121212121212,0.8086118259662579,0.42045454545454547,0.31361326343433943,0.4696969696969697
8942e44e073ffff,0.8648068669527891,0.8939393939393939,0.8038784732596453,0.5795454545454546,0.9940807988013166,0.8920454545454546,0.6497098122550446,0.7348484848484849
8942e44e077ffff,0.797424892703862,0.8333333333333334,0.8134928390731632,0.6363636363636364,0.8224620747893379,0.4318181818181818,0.4252277898619729,0.5643939393939394
8942e44e07bffff,1.0,0.9545454545454546,0.7987693521266634,0.5511363636363636,0.9212391208852926,0.5606060606060606,0.537243266541704,0.6439393939393939
8942e44e083ffff,0.0,0.03787878787878788,0.0,0.03787878787878788,0.0,0.02462121212121212,0.8699317382195804,0.8674242424242424
8942e44e087ffff,0.33197424892703825,0.18181818181818182,0.0,0.03787878787878788,0.04079053730139786,0.10984848484848485,0.6665998416246505,0.7424242424242424
8942e44e08bffff,0.0,0.022727272727272728,0.0,0.03787878787878788,0.0,0.02462121212121212,0.9825987590589699,0.9431818181818182
8942e44e08fffff,0.0,0.015151515151515152,0.0,0.03787878787878788,0.0,0.02462121212121212,0.7599210128003367,0.803030303030303
8942e44e093ffff,0.5583690987124461,0.5416666666666666,0.0,0.03787878787878788,0.0,0.02462121212121212,0.8574020428415344,0.8636363636363636
8942e44e097ffff,0.5954935622317598,0.6098484848484849,0.0,0.03787878787878788,0.0,0.02462121212121212,0.7542575904894602,0.7916666666666666
8942e44e09bffff,0.0,0.045454545454545456,0.0,0.03787878787878788,0.0,0.02462121212121212,1.0,0.9696969696969697
8942e44e0abffff,0.2660944206008575,0.125,0.5154713728774688,0.13257575757575757,0.05964532932702433,0.12878787878787878,0.5237111955334143,0.6401515151515151
8942e44e0bbffff,0.227682403433475,0.09848484848484848,0.0,0.03787878787878788,0.025195217301478088,0.09848484848484848,0.5477180918777504,0.6515151515151515
8942e44e0c3ffff,0.7656652360515023,0.8068181818181818,0.6783428114739666,0.23863636363636365,0.5184987573889723,0.32575757575757575,0.8801058508665538,0.8825757575757576
8942e44e0c7ffff,0.0,0.03409090909090909,0.6194583714336447,0.18181818181818182,0.11608935566756995,0.17803030303030304,1.0,0.9734848484848485
8942e44e0cbffff,0.8650214592274682,0.8977272727272727,0.7035665799140237,0.2840909090909091,0.41138749205190284,0.30303030303030304,0.6825877329270372,0.75
8942e44e0cfffff,0.5446351931330469,0.5189393939393939,0.6032860626436607,0.17613636363636365,0.08787737164199164,0.14772727272727273,0.8750939727153354,0.8787878787878788
8942e44e0d3ffff,0.3274678111587977,0.17424242424242425,0.41864405457742354,0.0946969696969697,0.00183733930802913,0.05303030303030303,0.9384441125467359,0.9053030303030303
8942e44e0d7ffff,0.0,0.011363636363636364,0.4793420572396326,0.11931818181818182,0.014774935963911124,0.08333333333333333,1.0,0.9772727272727273
8942e44e0dbffff,0.6525751072961371,0.6628787878787878,0.7144559262268643,0.29924242424242425,0.30719470782092756,0.26515151515151514,0.7254392911199544,0.7803030303030303
8942e44e143ffff,0.34506437768240306,0.20075757575757575,0.5626171087983579,0.1553030303030303,0.7539228999472467,0.4015151515151515,0.17603720818339466,0.2803030303030303
8942e44e14bffff,0.4066523605150209,0.2765151515151515,0.752861793868974,0.36174242424242425,0.9928070974251174,0.8787878787878788,0.13183244288964846,0.2159090909090909
8942e44e153ffff,0.0,0.04924242424242424,0.5357254923223248,0.14015151515151514,0.05468090270325566,0.125,0.21402724456963004,0.3409090909090909
8942e44e15bffff,0.382618025751072,0.22916666666666666,0.7671889920528152,0.3958333333333333,0.9940807988013166,0.8920454545454546,0.04417469402483887,0.10227272727272728
8942e44e203ffff,0.4463519313304721,0.32196969696969696,0.9361805431232567,0.7992424242424242,1.0,0.9507575757575758,0.0,0.04924242424242424
8942e44e207ffff,0.38733905579399014,0.25,1.0,0.9621212121212122,0.9598412988143545,0.6590909090909091,0.03460200675601175,0.08712121212121213
8942e44e20bffff,0.49291845493562203,0.4128787878787879,0.8167217662373927,0.6515151515151515,0.5325997348294144,0.32954545454545453,0.16481060112466547,0.26515151515151514
8942e44e20fffff,0.32596566523605136,0.16666666666666666,0.7323845765058437,0.32386363636363635,0.1584524628570626,0.20075757575757575,0.22745907801489534,0.36363636363636365
8942e44e213ffff,0.41480686695278846,0.2878787878787879,0.9953370267957291,0.9431818181818182,0.9971196296437448,0.9242424242424242,0.07269228070527148,0.11363636363636363
8942e44e217ffff,0.39849785407725186,0.26136363636363635,0.9803976940772541,0.8882575757575758,0.9947828389299304,0.9015151515151515,0.04357326864669266,0.0946969696969697
8942e44e21bffff,0.569098712446351,0.5606060606060606,0.9241876169931775,0.7746212121212122,0.9682156346342472,0.7007575757575758,0.0,0.01893939393939394
8942e44e223ffff,0.5534334763948487,0.5340909090909091,0.983018098664098,0.9034090909090909,0.9431427728980417,0.6174242424242424,0.0007217104537754468,0.05303030303030303
8942e44e227ffff,0.5289699570815447,0.48295454545454547,1.0,0.9848484848484849,0.9079304458757149,0.5265151515151515,0.10015737297394825,0.1553030303030303
8942e44e22bffff,0.8195278969957078,0.8598484848484849,0.8167217662373927,0.6515151515151515,0.10454581012422098,0.17424242424242425,0.1684191533935427,0.2727272727272727
8942e44e22fffff,0.7154506437768238,0.7537878787878788,0.983018098664098,0.9034090909090909,0.7104164702625831,0.375,0.229012760241773,0.3712121212121212
8942e44e233ffff,0.43218884120171613,0.30303030303030304,0.9241876169931775,0.7746212121212122,0.9740425677017412,0.7386363636363636,0.0045808566302135995,0.056818181818181816
8942e44e237ffff,0.6377682403433469,0.6515151515151515,1.0,0.9715909090909091,1.0,0.9772727272727273,0.0,0.022727272727272728
8942e44e23bffff,0.4300429184549355,0.29924242424242425,0.9803976940772541,0.8882575757575758,0.7463609248476072,0.3939393939393939,0.09329109990677907,0.13636363636363635
8942e44e243ffff,0.6989270386266095,0.7310606060606061,0.8789261202701676,0.7253787878787878,0.6126423386360764,0.3446969696969697,0.1958341268807073,0.3181818181818182
8942e44e247ffff,0.6954935622317586,0.7234848484848485,0.0,0.03787878787878788,0.23789331798205585,0.23106060606060605,0.31396409490492466,0.4734848484848485
8942e44e24bffff,0.5289699570815447,0.48295454545454547,0.9929709761530136,0.9393939393939394,0.9634417617596736,0.678030303030303,0.034852600663572667,0.09090909090909091
8942e44e24fffff,0.32660944206008574,0.17045454545454544,0.9571182922197757,0.8446969696969697,0.515851063189629,0.32196969696969696,0.26058759259444886,0.39015151515151514
8942e44e253ffff,0.3120171673819731,0.15151515151515152,0.9361805431232567,0.7992424242424242,0.9925563688077553,0.875,0.11855096578891973,0.1856060606060606
8942e44e257ffff,0.38454935622317504,0.24242424242424243,0.9571182922197757,0.8446969696969697,0.8492198328342163,0.4810606060606061,0.102813668394094,0.16477272727272727
8942e44e25bffff,0.5472103004291844,0.5303030303030303,0.9571182922197757,0.8446969696969697,0.885094083406379,0.5075757575757576,0.09514549482272987,0.14015151515151514
8942e44e263ffff,0.45193133047210216,0.3371212121212121,0.5990763615594548,0.16477272727272727,0.07416753084463451,0.14015151515151514,0.4881268606597637,0.6098484848484849
8942e44e267ffff,1.0,0.9924242424242424,0.8167217662373927,0.6515151515151515,0.19126782429740827,0.2159090909090909,0.37796577889598354,0.5416666666666666
8942e44e26bffff,0.6103004291845485,0.6287878787878788,0.0,0.03787878787878788,0.019328167655206025,0.09090909090909091,0.6442468650702166,0.7310606060606061
8942e44e26fffff,1.0,0.9659090909090909,0.0,0.03787878787878788,0.002619612594198739,0.06060606060606061,0.5913214317933504,0.6856060606060606
8942e44e273ffff,0.1598712446351927,0.08712121212121213,0.6481966975157424,0.21401515151515152,0.03702960804096705,0.10606060606060606,0.3630805007868649,0.5189393939393939
8942e44e277ffff,0.3334763948497846,0.1856060606060606,0.5990763615594548,0.16477272727272727,0.043678930973408726,0.11363636363636363,0.28048474885478586,0.4090909090909091
8942e44e27bffff,0.32532188841201704,0.16287878787878787,0.0,0.03787878787878788,0.06394783240095718,0.13257575757575757,0.48682377234044694,0.6060606060606061
8942e44e283ffff,0.44227467811158677,0.3181818181818182,0.9510302981171181,0.8371212121212122,0.9764997081518894,0.7613636363636364,0.12887543478042962,0.21212121212121213
8942e44e287ffff,0.6274678111587971,0.6401515151515151,0.8324652178058308,0.6856060606060606,0.9171672881393329,0.553030303030303,0.2939667010815633,0.4318181818181818
8942e44e28bffff,0.4954935622317595,0.42234848484848486,0.9803976940772541,0.8882575757575758,0.9878727582354322,0.8257575757575758,0.0,0.0
8942e44e28fffff,0.4536480686695276,0.3503787878787879,1.0,0.9715909090909091,0.9765598830200564,0.7651515151515151,0.14651724587271836,0.23484848484848486
8942e44e293ffff,0.45193133047210216,0.3371212121212121,0.9770124469331212,0.875,0.9986540887820006,0.9337121212121212,0.263895432174253,0.3977272727272727
8942e44e297ffff,0.5839055793991413,0.5946969696969697,0.9001371947979541,0.7424242424242424,0.9849542771293379,0.8181818181818182,0.3444363140643325,0.5037878787878788
8942e44e29bffff,0.3414163090128745,0.19318181818181818,0.9361805431232567,0.7992424242424242,1.0,0.9696969696969697,0.14235738700720707,0.22348484848484848
8942e44e2a3ffff,0.40386266094420586,0.2727272727272727,0.9306728992419098,0.7840909090909091,0.962097856370613,0.6704545454545454,0.2097170293595822,0.3333333333333333
8942e44e2a7ffff,0.4665236051502133,0.36363636363636365,0.833777295988411,0.6893939393939394,0.96748350707155,0.696969696969697,0.16004931688100799,0.26136363636363635
8942e44e2abffff,0.49055793991416224,0.4090909090909091,0.983018098664098,0.9034090909090909,0.9377771804864937,0.5984848484848485,0.06737968986498001,0.10984848484848485
8942e44e2afffff,0.501931330472103,0.4318181818181818,1.0,0.9924242424242424,0.9788264697210093,0.7803030303030303,0.0,0.041666666666666664
8942e44e2b3ffff,0.4783261802575094,0.38257575757575757,0.7839990976341241,0.4753787878787879,0.9393016104800551,0.6022727272727273,0.3908463057446148,0.5454545454545454
8942e44e2b7ffff,0.6002145922746779,0.6136363636363636,0.7934384865126145,0.5284090909090909,0.9710137660040077,0.7159090909090909,0.3761113839800327,0.5340909090909091
8942e44e2bbffff,0.5315450643776821,0.48863636363636365,1.0,0.9886363636363636,0.9253711284994193,0.5681818181818182,0.18906809137656247,0.29545454545454547
8942e44e2c3ffff,0.27381974248926977,0.13257575757575757,1.0,0.9621212121212122,1.0,0.990530303030303,0.12827400940228342,0.20833333333333334
8942e44e2c7ffff,0.3896995708154499,0.2537878787878788,0.9905577259434256,0.9299242424242424,1.0,0.9640151515151515,0.0,0.026515151515151516
8942e44e2cbffff,0.4087982832618016,0.2803030303030303,1.0,0.9621212121212122,1.0,0.990530303030303,0.0,0.007575757575757576
8942e44e2cfffff,0.37639484978540755,0.2196969696969697,0.9505305649132495,0.8314393939393939,0.9948430137980973,0.9090909090909091,0.026081813898940487,0.07954545454545454
8942e44e2d3ffff,0.38347639484978546,0.23484848484848486,0.9803976940772541,0.8882575757575758,1.0,0.9564393939393939,0.28985696099756425,0.42424242424242425
8942e44e2d7ffff,0.3954935622317592,0.25757575757575757,0.9749811660570749,0.8712121212121212,0.9795886847177898,0.7878787878787878,0.14376071288954823,0.22727272727272727
8942e44e2dbffff,0.3437768240343343,0.19696969696969696,0.9241876169931775,0.7746212121212122,1.0,0.9734848484848485,0.10722412116716619,0.17424242424242425
8942e44e303ffff,0.5128755364806856,0.4602272727272727,0.8055333632666333,0.5909090909090909,0.9932483797916747,0.8825757575757576,0.3513527059130139,0.5113636363636364
8942e44e307ffff,0.5656652360515017,0.553030303030303,0.721212212553447,0.3106060606060606,0.9712845529107587,0.7234848484848485,0.15308280625081444,0.2537878787878788
8942e44e30bffff,0.5158798283261798,0.4696969696969697,0.7897511027526729,0.5132575757575758,0.990219578093941,0.8522727272727273,0.2280605033930415,0.36742424242424243
8942e44e30fffff,0.7042918454935619,0.7443181818181818,0.7934384865126145,0.5284090909090909,0.8056732865707746,0.4166666666666667,0.36012349267764604,0.5151515151515151
8942e44e313ffff,0.37768240343347625,0.22348484848484848,0.7820218124242587,0.4621212121212121,0.9834298471357765,0.803030303030303,0.37716387839178855,0.5378787878787878
8942e44e317ffff,0.5738197424892691,0.5681818181818182,0.7450128099569938,0.3371212121212121,0.9105881692197526,0.5340909090909091,0.19107284263704982,0.29924242424242425
8942e44e31bffff,0.48068669527896923,0.39204545454545453,0.760235779522939,0.3787878787878788,0.9720668261969283,0.7310606060606061,0.28700019045136976,0.42045454545454547
8942e44e323ffff,0.8671673819742489,0.9053030303030303,0.7109319500023711,0.2916666666666667,0.9139579618370987,0.5454545454545454,0.3006324990226838,0.4393939393939394
8942e44e32bffff,0.6412017167381963,0.6571969696969697,0.7758836073449712,0.4375,0.8709128728083811,0.5,0.4587071359121117,0.5833333333333334
8942e44e32fffff,0.6545064377682402,0.6704545454545454,0.668627697171548,0.23106060606060605,0.9439250461842114,0.6212121212121212,0.5125848260377094,0.6212121212121212
8942e44e333ffff,0.8173819742489271,0.8560606060606061,0.7503003548116003,0.3522727272727273,0.7194527296323115,0.38257575757575757,0.08462055070517126,0.125
8942e44e33bffff,0.72489270386266,0.7765151515151515,0.7897511027526729,0.5132575757575758,0.7060337340310944,0.3712121212121212,0.2655493519641551,0.4015151515151515
8942e44e343ffff,0.3525751072961362,0.20454545454545456,0.835075400553713,0.6931818181818182,0.9801703751100699,0.7916666666666666,0.0,0.03409090909090909
8942e44e347ffff,0.7553648068669525,0.7992424242424242,0.8252361648836377,0.6742424242424242,0.9553081254124486,0.6515151515151515,0.09750107755380251,0.15151515151515152
8942e44e34bffff,0.7999999999999994,0.8409090909090909,0.7073067295989615,0.2878787878787879,0.27467019157672196,0.25,0.19934244158656017,0.32196969696969696
8942e44e34fffff,0.8821888412017168,0.9128787878787878,0.7987693521266634,0.5511363636363636,0.8671118269691724,0.48863636363636365,0.1660134518809579,0.2689393939393939
8942e44e353ffff,0.5688841201716734,0.5568181818181818,0.9777197152945541,0.8787878787878788,0.9119019871747298,0.5378787878787878,0.024177300201477493,0.07575757575757576
8942e44e357ffff,0.5154506437768231,0.4659090909090909,0.795315374704005,0.5378787878787878,0.8380975113680355,0.4696969696969697,0.07279251826829587,0.11742424242424243
8942e44e35bffff,0.7989270386266099,0.8371212121212122,0.9108846073740263,0.7537878787878788,0.3325784730426619,0.2727272727272727,0.1954331766286098,0.3143939393939394
8942e44e363ffff,0.5847639484978533,0.5984848484848485,0.8119416705813607,0.6287878787878788,0.9918142121003637,0.8712121212121212,0.12361296272165032,0.19696969696969696
8942e44e367ffff,0.5579399141630893,0.5378787878787878,0.7694220307821902,0.4071969696969697,0.8936389146860777,0.5151515151515151,0.34188025620721113,0.48863636363636365
8942e44e36bffff,0.269742489270386,0.12878787878787878,0.8209642608697151,0.6666666666666666,0.9788866445891762,0.7840909090909091,0.06402173150366369,0.10606060606060606
8942e44e36fffff,0.42875536480686677,0.29545454545454547,0.7878637677352793,0.5037878787878788,0.9641137144542039,0.6818181818181818,0.2554754768802061,0.38636363636363635
8942e44e373ffff,0.575321888412017,0.5757575757575758,0.8195058727541371,0.6628787878787878,0.9194539331296749,0.5568181818181818,0.19513246393953673,0.3106060606060606
8942e44e377ffff,0.605793991416308,0.6212121212121212,0.822405405654694,0.6704545454545454,0.9137172623644311,0.5416666666666666,0.3134127883082907,0.4659090909090909
8942e44e37bffff,0.6139484978540771,0.6363636363636364,0.7970193500467355,0.5416666666666666,0.9272566077019819,0.5833333333333334,0.004781331756262338,0.06060606060606061
8942e44e383ffff,0.8053648068669519,0.8446969696969697,0.752861793868974,0.36174242424242425,0.9271262288209536,0.5776515151515151,0.22264767498972568,0.3503787878787879
8942e44e387ffff,0.6793991416309011,0.7102272727272727,0.7716148945800118,0.42234848484848486,0.9695595400233077,0.7083333333333334,0.22264767498972568,0.3503787878787879
8942e44e38bffff,0.5798283261802576,0.5909090909090909,0.7649165725611046,0.38636363636363635,0.8697093754450432,0.49242424242424243,0.306696871585658,0.44696969696969696
8942e44e38fffff,0.5339055793991404,0.4962121212121212,0.7859467489182769,0.48863636363636365,0.9674233322033831,0.6931818181818182,0.31326243196375414,0.4621212121212121
8942e44e393ffff,0.6542918454935611,0.6666666666666666,0.8103720868242853,0.615530303030303,0.8292016600240298,0.44696969696969696,0.102813668394094,0.16477272727272727
8942e44e397ffff,0.5420600858369095,0.5113636363636364,0.8180298236721992,0.6590909090909091,0.9621279438046965,0.6742424242424242,0.014153543899040718,0.06818181818181818
8942e44e39bffff,0.9244635193133038,0.928030303030303,0.8103720868242853,0.615530303030303,0.8334038716510178,0.4583333333333333,0.30880186040916974,0.4583333333333333
8942e44e3abffff,0.714163090128755,0.75,0.7503003548116003,0.3522727272727273,0.8148298956768368,0.42424242424242425,0.015957820033479335,0.07196969696969698
8942e44e3b3ffff,0.5592274678111581,0.5454545454545454,0.6957233104815433,0.2746212121212121,1.0,0.990530303030303,0.21297475015787415,0.3371212121212121
8942e44e3bbffff,0.7195278969957075,0.7613636363636364,0.7859467489182769,0.48863636363636365,0.84517808752234,0.4734848484848485,0.10216212423443562,0.1590909090909091
8942e44e3c3ffff,0.5877682403433475,0.6022727272727273,0.8730934012169673,0.7159090909090909,0.9066467153548211,0.5227272727272727,0.0,0.003787878787878788
8942e44e3c7ffff,0.382618025751072,0.22916666666666666,0.7694220307821902,0.4071969696969697,0.9909316473672493,0.8560606060606061,0.15087757986427833,0.24621212121212122
8942e44e3cbffff,0.6600858369098703,0.6856060606060606,1.0,1.0,0.9377270347630213,0.5946969696969697,0.04377374377274139,0.09848484848484848
8942e44e3cfffff,0.4118025751072958,0.2840909090909091,0.9229123717454955,0.7651515151515151,0.9910018513801107,0.8598484848484849,0.11519300742760342,0.17803030303030304
8942e44e3d3ffff,0.5053648068669525,0.4431818181818182,0.7578262033474079,0.3712121212121212,0.9763693292708612,0.7575757575757576,0.15243126209115604,0.25
8942e44e3d7ffff,0.4871244635193128,0.4053030303030303,0.7952420676586028,0.5340909090909091,0.9887553229685466,0.8371212121212122,0.14666760221725492,0.23863636363636365
8942e44e3dbffff,0.5903433476394849,0.6060606060606061,1.0,0.9507575757575758,0.9270058790846198,0.571969696969697,0.0,0.030303030303030304
8942e44e403ffff,0.06459227467811053,0.06060606060606061,0.8061302087574335,0.5965909090909091,0.15634634247122134,0.19696969696969696,0.6095646682637851,0.7007575757575758
8942e44e407ffff,0.13690987124463488,0.07954545454545454,0.0,0.03787878787878788,0.0,0.02462121212121212,0.5147399336427333,0.6287878787878788
8942e44e40bffff,0.08433476394849654,0.07196969696969698,0.9476124187658885,0.8238636363636364,0.397206281453905,0.29924242424242425,0.7908944197748665,0.821969696969697
8942e44e40fffff,0.2929184549356214,0.14393939393939395,1.0,0.9791666666666666,0.5047989457363097,0.3181818181818182,0.6570271543558234,0.7386363636363636
8942e44e413ffff,0.0,0.030303030303030304,0.0,0.03787878787878788,0.08904075242655156,0.1553030303030303,0.6176337920872469,0.7196969696969697
8942e44e41bffff,0.33004291845493516,0.17803030303030304,0.9075397973717678,0.75,0.38504092893949815,0.29545454545454547,0.7657849102372625,0.8143939393939394
8942e44e42bffff,0.4939914163090116,0.4166666666666667,0.8061302087574335,0.5965909090909091,0.0900837834747777,0.16287878787878787,0.7538566402373625,0.7878787878787878
8942e44e43bffff,0.5416309012875528,0.5075757575757576,0.0,0.03787878787878788,0.0,0.02462121212121212,0.5973356855748124,0.6893939393939394
8942e44e443ffff,0.6557939914163089,0.6742424242424242,0.7649165725611046,0.38636363636363635,0.678363323819018,0.35984848484848486,1.0,1.0
8942e44e447ffff,0.0,0.007575757575757576,0.45273292989036135,0.10795454545454546,0.0,0.02462121212121212,1.0,0.9507575757575758
8942e44e44bffff,0.6296137339055793,0.6477272727272727,0.7716148945800118,0.42234848484848486,0.7143779824169035,0.3787878787878788,1.0,0.9924242424242424
8942e44e44fffff,0.7203862660944195,0.7689393939393939,0.41864405457742354,0.0946969696969697,0.007915000992885323,0.07196969696969698,1.0,0.9886363636363636
8942e44e453ffff,0.5766094420600858,0.5795454545454546,0.7878637677352793,0.5037878787878788,0.8950831115220831,0.5189393939393939,1.0,0.9583333333333334
8942e44e457ffff,0.3141630901287553,0.1571969696969697,0.691608104588119,0.2556818181818182,0.3816410488880687,0.2916666666666667,0.9573890119583413,0.9204545454545454
8942e44e45bffff,0.46909871244635076,0.3712121212121212,0.7716148945800118,0.42234848484848486,0.9887452938238521,0.8333333333333334,0.9766847428405321,0.9318181818181818
8942e44e463ffff,0.24506437768240275,0.10606060606060606,0.6947523368205484,0.26704545454545453,0.43588869254052276,0.3068181818181818,0.9980353437647224,0.946969696969697
8942e44e467ffff,0.29978540772532175,0.14772727272727273,0.8517503166653143,0.7007575757575758,0.3000338985090673,0.26136363636363635,0.9506229764541965,0.9166666666666666
8942e44e46bffff,0.0,0.0,0.0,0.03787878787878788,0.005628356002543388,0.06818181818181818,1.0,0.9621212121212122
8942e44e46fffff,0.0,0.003787878787878788,0.5466628397036792,0.14393939393939395,0.06855120981572449,0.13636363636363635,1.0,0.9962121212121212
8942e44e473ffff,0.21931330472102986,0.0946969696969697,0.9182526138931861,0.7575757575757576,0.6666191953817794,0.3560606060606061,0.8725880336397263,0.875
8942e44e477ffff,0.0751072961373379,0.06439393939393939,0.895949789776777,0.7386363636363636,0.20194886339703175,0.22348484848484848,0.7858825416236481,0.8181818181818182
8942e44e47bffff,0.5169527896995709,0.4734848484848485,0.633727383473643,0.1893939393939394,0.28017619201399263,0.2537878787878788,1.0,0.9810606060606061
8942e44e4c3ffff,0.7680257510729606,0.8106060606060606,0.6465057309790984,0.20833333333333334,0.3531482488110449,0.2840909090909091,0.8009682948588154,0.8295454545454546
8942e44e4c7ffff,0.21609442060085807,0.09090909090909091,0.7205571501137171,0.3068181818181818,0.15113118723009064,0.19318181818181818,0.680332387758989,0.7462121212121212
8942e44e4cbffff,0.5643776824034329,0.5492424242424242,0.7430526989991282,0.32954545454545453,0.37395872405209535,0.2878787878787879,0.8701823321271414,0.8712121212121212
8942e44e4cfffff,0.45193133047210216,0.3371212121212121,0.6634607993206117,0.22537878787878787,0.28641432001396055,0.25757575757575757,0.891883764521917,0.8863636363636364
8942e44e4d7ffff,0.0,0.01893939393939394,0.29238793732433144,0.07954545454545454,0.18647389313344578,0.20833333333333334,0.6161803474233936,0.7159090909090909
8942e44e603ffff,0.7828326180257508,0.8257575757575758,0.8004962971201453,0.5643939393939394,0.9603126686149952,0.6628787878787878,0.4516403877188938,0.5795454545454546
8942e44e607ffff,0.6736051502145919,0.7007575757575758,0.7987693521266634,0.5511363636363636,0.9895075088206328,0.8428030303030303,0.37160069364393616,0.5303030303030303
8942e44e60bffff,0.8871244635193125,0.9166666666666666,0.7930020639627776,0.5227272727272727,0.9697300354831139,0.7121212121212122,0.28319116305644376,0.4128787878787879
8942e44e60fffff,0.9583690987124458,0.9318181818181818,0.64028393428254,0.20075757575757575,0.5501106214659801,0.3371212121212121,0.2215450617964576,0.3446969696969697
8942e44e613ffff,0.6959227467811153,0.7272727272727273,0.7779642113794056,0.44696969696969696,0.9719966221840669,0.7272727272727273,0.5474674979701895,0.6477272727272727
8942e44e617ffff,0.7289699570815452,0.7840909090909091,0.7800098954589807,0.45075757575757575,0.8228933280112006,0.4356060606060606,0.586309553642132,0.6818181818181818
8942e44e61bffff,0.7373390557939904,0.7878787878787878,0.7716148945800118,0.42234848484848486,0.9757976680232756,0.75,0.33185649990477434,0.4772727272727273
8942e44e623ffff,0.7025751072961365,0.7348484848484849,0.7737690035214456,0.4318181818181818,0.9948329846534028,0.9053030303030303,0.3084009101570723,0.45454545454545453
8942e44e627ffff,0.8603004291845485,0.8863636363636364,0.7859467489182769,0.48863636363636365,0.9419693629687873,0.6098484848484849,0.4981004981806883,0.6136363636363636
8942e44e62bffff,0.4856223175965665,0.3977272727272727,0.8320943389282501,0.6818181818181818,0.9712544654766753,0.7196969696969697,0.1233623688140894,0.19318181818181818
8942e44e62fffff,0.6903433476394852,0.7196969696969697,0.8165371824564188,0.6439393939393939,0.998624001347917,0.928030303030303,0.3440854825937472,0.5
8942e44e633ffff,0.6115879828326173,0.6325757575757576,0.7820218124242587,0.4621212121212121,0.9748749867113833,0.7462121212121212,0.3969607970891012,0.5492424242424242
8942e44e637ffff,0.6560085836909866,0.678030303030303,0.7649165725611046,0.38636363636363635,0.9613356413738323,0.6666666666666666,0.5143891021721482,0.625
8942e44e63bffff,0.6680257510729602,0.6931818181818182,0.7820218124242587,0.4621212121212121,0.9496316295153717,0.6401515151515151,0.184306807132905,0.2878787878787879
8942e44e643ffff,0.7042918454935619,0.7443181818181818,0.9435668758660125,0.8143939393939394,0.9947728097852359,0.8977272727272727,0.0,0.011363636363636364
8942e44e647ffff,0.671244635193132,0.696969696969697,0.9855837278631674,0.9147727272727273,0.9994062746340866,0.9450757575757576,0.14090394234335377,0.2196969696969697
8942e44e64bffff,0.771673819742489,0.8143939393939394,0.86609352841827,0.7083333333333334,0.6818534661726978,0.36363636363636365,0.09198801158746228,0.13257575757575757
8942e44e64fffff,0.6793991416309011,0.7102272727272727,0.9880960972505713,0.9223484848484849,0.9532421216053854,0.6477272727272727,0.14676783978027927,0.24242424242424243
8942e44e653ffff,0.7763948497854072,0.8181818181818182,0.8486016255001808,0.696969696969697,0.9874515341582639,0.821969696969697,0.0866754207471708,0.12878787878787878
8942e44e657ffff,0.8452789699570806,0.8712121212121212,0.8544648592879496,0.7045454545454546,1.0,0.9564393939393939,0.11624550183935929,0.18181818181818182
8942e44e663ffff,0.5092274678111587,0.45075757575757575,0.9693131270576287,0.8598484848484849,0.9841820329878628,0.8068181818181818,0.0,0.015151515151515152
8942e44e667ffff,0.5244635193133041,0.4772727272727273,0.9693131270576287,0.8598484848484849,0.9848740439717819,0.8143939393939394,0.07640107053717311,0.12121212121212122
8942e44e66bffff,0.4403433476394837,0.3143939393939394,1.0,0.9545454545454546,0.9994062746340866,0.9450757575757576,0.14486332608281627,0.23106060606060605
8942e44e66fffff,0.4534334763948485,0.3446969696969697,0.966376662862696,0.8522727272727273,0.9366137997019338,0.5909090909090909,0.1773904152842236,0.2840909090909091
8942e44e673ffff,0.7197424892703851,0.7651515151515151,0.9742581912350908,0.8674242424242424,0.8235853389951199,0.4393939393939394,0.12030512314184617,0.1893939393939394
8942e44e677ffff,0.5128755364806856,0.4602272727272727,0.9318459607003482,0.7878787878787878,0.9484281321520338,0.634469696969697,0.0,0.03787878787878788
8942e44e67bffff,0.6787553648068667,0.7045454545454546,0.9361805431232567,0.7992424242424242,0.9725281668528745,0.7348484848484849,0.1255675952006255,0.20075757575757575
8942e44e683ffff,1.0,0.9507575757575758,0.5011504155386292,0.1268939393939394,0.631998587896427,0.3484848484848485,0.8950412477571847,0.8901515151515151
8942e44e687ffff,0.9240343347639486,0.9242424242424242,0.6580651428969295,0.2196969696969697,0.5758955524754937,0.3409090909090909,0.9651073043112176,0.9242424242424242
8942e44e68bffff,0.8656652360515026,0.9015151515151515,0.6032860626436607,0.17613636363636365,0.831057051792509,0.45454545454545453,0.6848430780950855,0.7537878787878788
8942e44e68fffff,0.88175965665236,0.9090909090909091,0.7144559262268643,0.29924242424242425,0.8356804874966652,0.4621212121212121,0.7630784960356044,0.8106060606060606
8942e44e693ffff,0.37618025751072837,0.2159090909090909,0.0,0.03787878787878788,0.0,0.02462121212121212,0.8535930154466085,0.8598484848484849
8942e44e697ffff,0.5778969957081544,0.5833333333333334,0.7450128099569938,0.3371212121212121,0.8055228494003575,0.4128787878787879,0.9810450768320922,0.9393939393939394
8942e44e6a3ffff,0.7630901287553647,0.803030303030303,0.691608104588119,0.2556818181818182,0.21108541421370502,0.22727272727272727,0.761875645279312,0.8068181818181818
8942e44e6a7ffff,0.2641630901287544,0.12121212121212122,0.0,0.03787878787878788,0.002589525160115293,0.056818181818181816,0.8265288734300292,0.8522727272727273
8942e44e6abffff,0.8613733905579396,0.8901515151515151,0.7578262033474079,0.3712121212121212,0.750392641014789,0.3977272727272727,0.560197668474284,0.6666666666666666
8942e44e6afffff,0.628969957081545,0.6439393939393939,0.6873447578379792,0.24621212121212122,0.34681985850882663,0.2803030303030303,0.6114691819612482,0.7083333333333334
8942e44e6b3ffff,0.4987124463519313,0.42803030303030304,0.6829268690551576,0.24242424242424243,0.14726996652271498,0.1893939393939394,0.9424034962861985,0.9128787878787878
8942e44e6b7ffff,0.0,0.041666666666666664,0.4793420572396326,0.11931818181818182,0.01639965740441723,0.08712121212121213,0.9691168068321924,0.928030303030303
8942e44e6bbffff,0.9678111587982835,0.9356060606060606,0.7758836073449712,0.4375,0.5327000262763592,0.3333333333333333,0.7555606788087769,0.7992424242424242
8942e44e6c7ffff,0.8285407725321888,0.8636363636363636,0.8038784732596453,0.5795454545454546,0.9832894391100538,0.7992424242424242,0.477301203853132,0.5984848484848485
8942e44e6cfffff,0.8508583690987123,0.8787878787878788,0.691608104588119,0.2556818181818182,0.9961568317530745,0.9166666666666666,0.27126289305654405,0.4053030303030303
8942e44f107ffff,0.48068669527896923,0.39204545454545453,0.9915339845066841,0.9356060606060606,1.0,0.990530303030303,0.720126700279663,0.7765151515151515
8942e44f117ffff,0.5328326180257508,0.49242424242424243,0.8726790985514531,0.7121212121212122,0.638758231420508,0.3522727272727273,0.5018594067941021,0.6174242424242424
8942e44f123ffff,0.5040772532188837,0.4393939393939394,0.6957233104815433,0.2746212121212121,0.9666410589172134,0.6893939393939394,0.978288543848922,0.9356060606060606
8942e44f127ffff,0.8077253218884117,0.8484848484848485,0.64028393428254,0.20075757575757575,0.9419894212581763,0.6136363636363636,1.0,0.9848484848484849
8942e44f133ffff,0.5034334763948494,0.4356060606060606,0.9462915453078615,0.8181818181818182,1.0,0.990530303030303,0.7961568918336458,0.8257575757575758
8942e44f137ffff,0.7206008583690986,0.7727272727272727,0.7450128099569938,0.3371212121212121,0.8167855788922609,0.42803030303030304,0.9195493319166425,0.9015151515151515
8942e44f183ffff,0.5087982832618019,0.44696969696969696,0.9361805431232567,0.7992424242424242,0.9405351952774763,0.6060606060606061,0.1920250994857813,0.30303030303030304
8942e44f187ffff,0.48648068669527844,0.4015151515151515,0.983018098664098,0.9034090909090909,0.9780642547242286,0.7765151515151515,0.12626925814179607,0.20454545454545456
8942e44f18fffff,0.5793991416309008,0.5871212121212122,0.8264660989691488,0.678030303030303,0.9961969483318523,0.9204545454545454,0.28329140061946817,0.4166666666666667
8942e44f193ffff,0.6098712446351933,0.625,0.9241876169931775,0.7746212121212122,0.830264749361645,0.45075757575757575,0.2228481501157744,0.3560606060606061
8942e44f197ffff,0.4489270386266095,0.32575757575757575,0.9855837278631674,0.9147727272727273,0.9232549789688836,0.5643939393939394,0.030843098142597957,0.08333333333333333
8942e44f1a3ffff,0.4178111587982826,0.2916666666666667,1.0,0.9962121212121212,0.946101370582914,0.6268939393939394,0.4626164008700621,0.5871212121212122
8942e44f1a7ffff,1.0,0.9621212121212122,0.5990763615594548,0.16477272727272727,0.26738903252852786,0.24621212121212122,0.6361276224652426,0.7272727272727273
8942e44f1abffff,0.4686695278969955,0.36742424242424243,1.0,0.9791666666666666,1.0,0.990530303030303,0.5681164359532092,0.6704545454545454
8942e44f1afffff,0.8512875536480691,0.8825757575757576,0.9476124187658885,0.8238636363636364,0.8475750531043212,0.4772727272727273,0.6906067379689866,0.7575757575757576
8942e44f1b3ffff,0.35515021459227364,0.20833333333333334,0.9880960972505713,0.9223484848484849,0.9758177263126646,0.7537878787878788,0.23763319066186864,0.3787878787878788
8942e44f1b7ffff,0.4706008583690986,0.3787878787878788,0.8789261202701676,0.7253787878787878,0.32542769287549617,0.2689393939393939,0.4313923999879716,0.5757575757575758
8942e44f1bbffff,0.4798283261802572,0.38636363636363635,0.9693131270576287,0.8598484848484849,0.977903788409117,0.7727272727272727,0.34233132524082077,0.49242424242424243
8942e44f527ffff,0.4497854077253215,0.32954545454545453,0.9999359793115249,0.946969696969697,0.9815744553672974,0.7954545454545454,0.10426711305794734,0.17045454545454544
8942e44f52fffff,0.5429184549356214,0.5151515151515151,0.9905577259434256,0.9299242424242424,0.8894667904931732,0.5113636363636364,0.20189849944368157,0.32575757575757575
8942e44f5a7ffff,0.3999999999999997,0.2689393939393939,0.9399293784594915,0.8106060606060606,0.9841920621325573,0.8106060606060606,0.26354460070366775,0.3939393939393939
8942e44f5afffff,0.3684549356223176,0.21212121212121213,0.7323845765058437,0.32386363636363635,0.9993661580553087,0.9393939393939394,0.17297996251115144,0.2765151515151515
