h3,built_fraction,green_fraction,lack_green,osm_building_fraction,landcover_pixels
8942e441927ffff,0.9087,0.03584,0.96416,0.0,1172
8942e44192fffff,0.68575,0.26674,0.73326,0.0,926
8942e44c417ffff,0.01661,0.97841,0.02159,0.0,602
8942e44c433ffff,0.0428,0.94781,0.05219,0.0,958
8942e44c437ffff,0.05215,0.75098,0.24902,0.0,767
8942e44c483ffff,0.01067,0.91082,0.08918,0.0,1312
8942e44c487ffff,0.05167,0.82447,0.17553,0.0,1316
8942e44c48bffff,0.0,1.0,0.0,0.0,541
8942e44c48fffff,0.0629,0.74414,0.25586,0.0,938
8942e44c493ffff,0.02356,0.87462,0.12538,0.0,1316
8942e44c497ffff,0.04015,0.74394,0.25606,0.02584,1320
8942e44c49bffff,0.0,1.0,0.0,0.0,1318
8942e44c4a3ffff,0.27224,0.6654,0.3346,0.0,1315
8942e44c4a7ffff,0.95751,0.00379,0.99621,0.0,1318
8942e44c4abffff,0.07278,0.91054,0.08946,0.0,1319
8942e44c4afffff,0.43422,0.55133,0.44867,0.0,1315
8942e44c4b3ffff,0.09636,0.81259,0.18741,0.0,1318
8942e44c4b7ffff,0.66233,0.28101,0.71899,0.1085,1306
8942e44c4bbffff,0.03729,0.90335,0.09665,0.0,1314
8942e44c4c3ffff,0.00701,0.98998,0.01002,0.0,998
8942e44c4cbffff,0.00789,0.90417,0.09583,0.0,887
8942e44c4d3ffff,0.03511,0.9542,0.0458,0.0,1310
8942e44c4d7ffff,0.00613,0.98927,0.01073,0.0,1305
8942e44c4dbffff,0.00228,0.97036,0.02964,0.0,1316
8942e44c583ffff,0.03978,0.00858,0.99142,0.7135,1282
8942e44c58bffff,0.41631,0.02468,0.97532,0.28361,932
8942e44c593ffff,0.40061,0.09327,0.90673,0.64206,1308
8942e44c597ffff,0.5165,0.13204,0.86796,0.28358,515
8942e44c59bffff,0.60652,0.04549,0.95451,0.21824,1319
8942e44c5c3ffff,0.93268,0.01135,0.98865,0.0,1233
8942e44c5cbffff,0.03191,0.01064,0.98936,0.01732,564
8942e44c5d3ffff,0.97243,0.00153,0.99847,0.0,1306
8942e44c5d7ffff,0.75588,0.17513,0.82487,0.0,1319
8942e44c5dbffff,0.69307,0.08682,0.91318,0.0,1313
8942e44e003ffff,0.05505,0.92278,0.07722,0.0,1308
8942e44e007ffff,0.13819,0.29841,0.70159,0.0,1317
8942e44e00bffff,0.68033,0.16401,0.83599,0.06424,1317
8942e44e00fffff,0.62415,0.20805,0.79195,0.00151,1317
8942e44e013ffff,0.0,1.0,0.0,0.0,1318
8942e44e017ffff,0.00229,0.99465,0.00535,0.0,1308
8942e44e01bffff,0.02807,0.87178,0.12822,0.0,1318
8942e44e023ffff,0.72058,0.1268,0.8732,0.0,1317
8942e44e027ffff,0.41832,0.50083,0.49917,0.0,1212
8942e44e02bffff,0.80197,0.05387,0.94613,0.20332,1318
8942e44e02fffff,0.90749,0.00688,0.99312,0.0,1308
8942e44e033ffff,0.1452,0.80718,0.19282,0.0,1281
8942e44e037ffff,0.0,1.0,0.0,0.0,483
8942e44e03bffff,0.70665,0.14362,0.85638,0.0,1309
8942e44e043ffff,0.87385,0.03364,0.96636,0.17177,1308
8942e44e047ffff,0.81383,0.05015,0.94985,0.08704,1316
8942e44e04bffff,0.8928,0.01225,0.98775,0.17086,1306
8942e44e04fffff,0.89446,0.01443,0.98557,0.32932,1317
8942e44e053ffff,0.76976,0.06991,0.93009,0.48567,1316
8942e44e057ffff,0.56003,0.23176,0.76824,0.23668,1316
8942e44e05bffff,0.94002,0.01291,0.98709,0.36706,1317
8942e44e063ffff,0.91123,0.02807,0.97193,0.16285,1318
8942e44e067ffff,0.76935,0.07511,0.92489,0.12799,1318
8942e44e06bffff,0.67122,0.05619,0.94381,0.16569,1317
8942e44e06fffff,0.6929,0.19328,0.80672,0.14017,1309
8942e44e073ffff,0.92407,0.00835,0.99165,0.16995,1317
8942e44e077ffff,0.77034,0.17947,0.82053,0.21932,1315
8942e44e07bffff,0.82506,0.08098,0.91902,0.36774,1309
8942e44e083ffff,0.0,1.0,0.0,0.0,1315
8942e44e087ffff,0.0,0.95887,0.04113,0.0,851
8942e44e08bffff,0.0,1.0,0.0,0.0,1311
8942e44e08fffff,0.0,1.0,0.0,0.0,1317
8942e44e093ffff,0.0,1.0,0.0,0.0,1318
8942e44e097ffff,0.0,1.0,0.0,0.0,500
8942e44e09bffff,0.0,1.0,0.0,0.0,1318
8942e44e0abffff,0.05908,0.94007,0.05993,0.0,1168
8942e44e0bbffff,0.0,0.97442,0.02558,0.0,1212
8942e44e0c3ffff,0.28452,0.48255,0.51745,0.0,1318
8942e44e0c7ffff,0.10933,0.88379,0.11621,0.0,1308
8942e44e0cbffff,0.27148,0.58935,0.41065,0.00611,1315
8942e44e0cfffff,0.04404,0.91192,0.08808,0.0,1317
8942e44e0d3ffff,0.00229,0.99771,0.00229,0.0,1310
8942e44e0d7ffff,0.01519,0.98481,0.01519,0.0,1317
8942e44e0dbffff,0.18223,0.69324,0.30676,0.0,1317
8942e44e143ffff,0.73465,0.24781,0.75219,0.0,456
8942e44e14bffff,0.95105,0.00962,0.99038,0.0,1144
8942e44e153ffff,0.03715,0.94502,0.05498,0.0,673
8942e44e15bffff,0.9264,0.00835,0.99165,0.0,1318
8942e44e203ffff,0.96634,0.0023,0.9977,0.0,1307
8942e44e207ffff,0.86722,0.04249,0.95751,0.0,1318
8942e44e20bffff,0.4981,0.46849,0.53151,0.0,1317
8942e44e20fffff,0.09629,0.84155,0.15845,0.0,1319
8942e44e213ffff,0.97646,0.00532,0.99468,0.0,1317
8942e44e217ffff,0.97093,0.00765,0.99235,0.0,1307
8942e44e21bffff,0.74734,0.03414,0.96586,0.0,1318
8942e44e223ffff,0.84382,0.05914,0.94086,0.0,1319
8942e44e227ffff,0.78238,0.09425,0.90575,0.0,1305
8942e44e22bffff,0.03338,0.8953,0.1047,0.0,1318
8942e44e22fffff,0.50421,0.29119,0.70881,0.0,1305
8942e44e233ffff,0.94257,0.02833,0.97167,0.0,1306
8942e44e237ffff,0.81929,0.00076,0.99924,0.0,1317
8942e44e23bffff,0.67508,0.25535,0.74465,0.0,1308
8942e44e243ffff,0.37261,0.38868,0.61132,0.0,1307
8942e44e247ffff,0.0,0.76234,0.23766,0.0,1317
8942e44e24bffff,0.84897,0.0389,0.9611,0.0,1311
8942e44e24fffff,0.47229,0.48519,0.51481,0.0,1317
8942e44e253ffff,0.95596,0.00987,0.99013,0.0,1317
8942e44e257ffff,0.80825,0.15279,0.84721,0.0,1309
8942e44e25bffff,0.67173,0.11702,0.88298,0.0,1316
8942e44e263ffff,0.041,0.92559,0.07441,0.0,1317
8942e44e267ffff,0.12795,0.80883,0.19117,0.0,1313
8942e44e26bffff,0.0,0.98027,0.01973,0.0,1318
8942e44e26fffff,0.0,0.99693,0.00307,0.0,1305
8942e44e273ffff,0.0,0.96262,0.03738,0.0,1311
8942e44e277ffff,0.0,0.95599,0.04401,0.0,1318
8942e44e27bffff,0.0,0.93578,0.06422,0.0,1308
8942e44e283ffff,0.91096,0.02588,0.97412,0.0,1314
8942e44e287ffff,0.72134,0.08504,0.91496,0.0,1317
8942e44e28bffff,0.9342,0.01454,0.98546,0.0,1307
8942e44e28fffff,0.92938,0.02582,0.97418,0.0009,1317
8942e44e293ffff,0.91426,0.00379,0.99621,0.0014,1318
8942e44e297ffff,0.89454,0.01745,0.98255,0.14436,1318
8942e44e29bffff,0.94909,0.00152,0.99848,0.0,1316
8942e44e2a3ffff,0.92103,0.04024,0.95976,0.0,1317
8942e44e2a7ffff,0.884,0.03487,0.96513,0.0,1319
8942e44e2abffff,0.7959,0.06449,0.93551,0.0,1318
8942e44e2afffff,0.90426,0.02356,0.97644,0.0,1316
8942e44e2b3ffff,0.84977,0.06297,0.93703,0.0,1318
8942e44e2b7ffff,0.79358,0.03135,0.96865,0.01965,1308
8942e44e2bbffff,0.68493,0.07686,0.92314,0.02945,1314
8942e44e2c3ffff,0.98483,0.0,1.0,0.0,1318
8942e44e2c7ffff,0.97099,0.00153,0.99847,0.0,1310
8942e44e2cbffff,0.9907,0.0,1.0,0.0,1183
8942e44e2cfffff,0.97191,0.00759,0.99241,0.0,1317
8942e44e2d3ffff,0.98856,0.00229,0.99771,0.0,1311
8942e44e2d7ffff,0.94605,0.0228,0.9772,0.0,1316
8942e44e2dbffff,0.96882,0.00115,0.99885,0.0,866
8942e44e303ffff,0.93879,0.00918,0.99082,0.0,1307
8942e44e307ffff,0.88855,0.03108,0.96892,0.0,1319
8942e44e30bffff,0.95195,0.0122,0.9878,0.0,1311
8942e44e30fffff,0.48258,0.19621,0.80379,0.14378,1320
8942e44e313ffff,0.95524,0.01897,0.98103,0.0,1318
8942e44e317ffff,0.81298,0.0916,0.9084,0.0,1310
8942e44e31bffff,0.91742,0.0303,0.9697,0.02936,1320
8942e44e323ffff,0.3223,0.08824,0.91176,0.39864,816
8942e44e32bffff,0.43745,0.13116,0.86884,0.24624,1319
8942e44e32fffff,0.77188,0.05836,0.94164,0.45662,377
8942e44e333ffff,0.4758,0.28218,0.71782,0.02146,971
8942e44e33bffff,0.62021,0.29556,0.70444,0.17917,1306
8942e44e343ffff,0.9295,0.02222,0.97778,0.00665,1305
8942e44e347ffff,0.84003,0.04701,0.95299,0.39572,1319
8942e44e34bffff,0.13793,0.72567,0.27433,0.00044,1305
8942e44e34fffff,0.79757,0.13495,0.86505,0.45923,1319
8942e44e353ffff,0.78225,0.09029,0.90971,0.00167,1318
8942e44e357ffff,0.73217,0.16388,0.83612,0.0,1318
8942e44e35bffff,0.26839,0.66793,0.33207,0.0,1319
8942e44e363ffff,0.65049,0.01061,0.98939,0.63081,1319
8942e44e367ffff,0.56297,0.1085,0.8915,0.36611,1318
8942e44e36bffff,0.91888,0.0235,0.9765,0.0,1319
8942e44e36fffff,0.6919,0.03823,0.96177,0.18904,1308
8942e44e373ffff,0.84055,0.08276,0.91724,0.39064,1317
8942e44e377ffff,0.71167,0.08848,0.91152,0.57395,1311
8942e44e37bffff,0.86687,0.07498,0.92502,0.1598,1307
8942e44e383ffff,0.6214,0.07511,0.92489,0.15049,1318
8942e44e387ffff,0.86194,0.0328,0.9672,0.12045,1311
8942e44e38bffff,0.72915,0.13236,0.86764,0.0,1307
8942e44e38fffff,0.57099,0.03493,0.96507,0.30702,1317
8942e44e393ffff,0.57306,0.17275,0.82725,0.02279,1314
8942e44e397ffff,0.82018,0.04021,0.95979,0.0,1318
8942e44e39bffff,0.80638,0.16856,0.83144,0.07484,1317
8942e44e3abffff,0.4245,0.18708,0.81292,0.0,1192
8942e44e3b3ffff,0.9552,0.0,1.0,0.0,625
8942e44e3bbffff,0.78333,0.15682,0.84318,0.02818,1320
8942e44e3c3ffff,0.71721,0.09553,0.90447,0.01371,1319
8942e44e3c7ffff,0.94334,0.01149,0.98851,0.00369,1306
8942e44e3cbffff,0.74867,0.06454,0.93546,0.03273,1317
8942e44e3cfffff,0.94745,0.01142,0.98858,0.0,1313
8942e44e3d3ffff,0.83244,0.02601,0.97399,0.0,1307
8942e44e3d7ffff,0.92716,0.01366,0.98634,0.0,1318
8942e44e3dbffff,0.85106,0.07523,0.92477,0.03407,1316
8942e44e403ffff,0.149,0.84365,0.15635,0.0,953
8942e44e407ffff,0.0,1.0,0.0,0.0,340
8942e44e40bffff,0.35709,0.60349,0.39651,0.0,1319
8942e44e40fffff,0.44082,0.49621,0.50379,0.0,1318
8942e44e413ffff,0.0,0.91076,0.08924,0.0,437
8942e44e41bffff,0.21531,0.61562,0.38438,0.0,1319
8942e44e42bffff,0.08569,0.90972,0.09028,0.0,1307
8942e44e43bffff,0.0,1.0,0.0,0.0,1008
8942e44e443ffff,0.5806,0.32315,0.67685,0.01675,1309
8942e44e447ffff,0.0,1.0,0.0,0.0,1317
8942e44e44bffff,0.62872,0.28724,0.71276,0.0,1309
8942e44e44fffff,0.00228,0.99165,0.00835,0.0,1318
8942e44e453ffff,0.74184,0.10706,0.89294,0.04098,1317
8942e44e457ffff,0.3057,0.61901,0.38099,0.05764,1315
8942e44e45bffff,0.94533,0.01367,0.98633,0.0,1317
8942e44e463ffff,0.388,0.56492,0.43508,0.0,1317
8942e44e467ffff,0.29049,0.70038,0.29962,0.0,1315
8942e44e46bffff,0.00607,0.99393,0.00607,0.0,1319
8942e44e46fffff,0.06651,0.93119,0.06881,0.0,1308
8942e44e473ffff,0.50228,0.33486,0.66514,0.0,1314
8942e44e477ffff,0.14492,0.79818,0.20182,0.0,1318
8942e44e47bffff,0.2133,0.72018,0.27982,0.0,1308
8942e44e4c3ffff,0.19323,0.64742,0.35258,0.0,1299
8942e44e4c7ffff,0.08092,0.84885,0.15115,0.0,1310
8942e44e4cbffff,0.32,0.62667,0.37333,0.0,1275
8942e44e4cfffff,0.16161,0.71396,0.28604,0.01485,1318
8942e44e4d7ffff,0.0,0.81361,0.18639,0.0,1014
8942e44e603ffff,0.88464,0.04202,0.95798,0.20093,1309
8942e44e607ffff,0.8527,0.01291,0.98709,0.38006,1317
8942e44e60bffff,0.91047,0.03263,0.96737,0.21219,1318
8942e44e60fffff,0.36371,0.45103,0.54897,0.07998,1317
8942e44e613ffff,0.81701,0.03037,0.96963,0.22364,1317
8942e44e617ffff,0.72456,0.17904,0.82096,0.11455,1307
8942e44e61bffff,0.89749,0.02658,0.97342,0.33491,1317
8942e44e623ffff,0.90426,0.0076,0.9924,0.23658,1316
8942e44e627ffff,0.93206,0.06031,0.93969,0.27185,1310
8942e44e62bffff,0.91351,0.03111,0.96889,0.06223,1318
8942e44e62fffff,0.89076,0.00382,0.99618,0.45839,1309
8942e44e633ffff,0.81818,0.0275,0.9725,0.10564,1309
8942e44e637ffff,0.9514,0.041,0.959,0.10755,1317
8942e44e63bffff,0.85038,0.05267,0.94733,0.20782,1310
8942e44e643ffff,0.91807,0.00766,0.99234,0.0,1306
8942e44e647ffff,0.96505,0.00304,0.99696,0.0,1316
8942e44e64bffff,0.52664,0.31967,0.68033,0.0,488
8942e44e64fffff,0.80373,0.04907,0.95093,0.0,1019
8942e44e653ffff,0.9594,0.01496,0.98504,0.01018,468
8942e44e657ffff,0.92607,0.00229,0.99771,0.18564,1312
8942e44e663ffff,0.97646,0.01822,0.98178,0.0,1317
8942e44e667ffff,0.8811,0.01753,0.98247,0.0,1312
8942e44e66bffff,0.97644,0.00304,0.99696,0.0,1316
8942e44e66fffff,0.90382,0.06565,0.93435,0.0,1310
8942e44e673ffff,0.69131,0.17835,0.82165,8e-05,1312
8942e44e677ffff,0.87633,0.05387,0.94613,0.11988,1318
8942e44e67bffff,0.70543,0.02984,0.97016,0.0,1307
8942e44e683ffff,0.07464,0.36938,0.63062,0.0,1313
8942e44e687ffff,0.3298,0.42532,0.57468,0.0,1319
8942e44e68bffff,0.20554,0.1709,0.8291,0.0,1299
8942e44e68fffff,0.10554,0.16629,0.83371,0.0,1317
8942e44e693ffff,0.0,1.0,0.0,0.0,621
8942e44e697ffff,0.71948,0.19636,0.80364,0.0,1319
8942e44e6a3ffff,0.11684,0.78907,0.21093,0.08529,1318
8942e44e6a7ffff,0.00228,0.99696,0.00304,0.0,1317
8942e44e6abffff,0.31587,0.25133,0.74867,0.02327,1317
8942e44e6afffff,0.22983,0.65373,0.34627,0.0,1314
8942e44e6b3ffff,0.10251,0.8527,0.1473,0.00348,1317
8942e44e6b7ffff,0.00153,0.98319,0.01681,0.01014,1309
8942e44e6bbffff,0.31531,0.46839,0.53161,0.01887,1313
8942e44e6c7ffff,0.85987,0.01911,0.98089,0.50873,1099
8942e44e6cfffff,0.87186,0.00628,0.99372,0.44454,796
8942e44f107ffff,0.90489,0.0,1.0,0.0,1146
8942e44f117ffff,0.60126,0.36264,0.63736,0.0,637
8942e44f123ffff,0.91304,0.03571,0.96429,0.0,644
8942e44f127ffff,0.49272,0.06029,0.93971,0.0,481
8942e44f133ffff,0.97318,0.0,1.0,0.0,1305
8942e44f137ffff,0.7481,0.18513,0.81487,0.0,1318
8942e44f183ffff,0.85931,0.06174,0.93826,0.0,988
8942e44f187ffff,0.79331,0.02432,0.97568,0.0,1316
8942e44f18fffff,0.85447,0.00624,0.99376,0.0,481
8942e44f193ffff,0.77146,0.17169,0.82831,0.0,862
8942e44f197ffff,0.82232,0.07897,0.92103,0.0,1317
8942e44f1a3ffff,0.77525,0.05619,0.94381,0.0,1317
8942e44f1a7ffff,0.09256,0.73293,0.26707,0.0,1318
8942e44f1abffff,0.95897,0.0,1.0,0.0,1316
8942e44f1afffff,0.37385,0.15443,0.84557,0.0,1308
8942e44f1b3ffff,0.94613,0.02656,0.97344,0.0,1318
8942e44f1b7ffff,0.29138,0.67506,0.32494,0.0,1311
8942e44f1bbffff,0.94568,0.02448,0.97552,0.0,1307
8942e44f527ffff,0.90208,0.02082,0.97918,0.0,1297
8942e44f52fffff,0.85764,0.11266,0.88734,0.0,1145
8942e44f5a7ffff,0.85352,0.01821,0.98179,0.0,1263
8942e44f5afffff,0.95692,0.00308,0.99692,0.0,325
