name_en,name_osm,place,lat,lon,osm_node,h3_cell
Allah Buksh Goth,Allah Buksh Goth,neighbourhood,24.855265,67.155245,5333621990,8942e44e687ffff
Bagh-e-Korangi,باغ کورنگی,suburb,24.857739,67.152136,7324108756,8942e44e45bffff
Future Colony,فیوچر کالونی,neighbourhood,24.856859,67.196238,4777352228,8942e44e15bffff
Ilyas Goth,Ilyas Goth,neighbourhood,24.818448,67.188164,4776898513,8942e44f133ffff
Korangi Sector 29,Korangi Sector 29,neighbourhood,24.851098,67.192648,5335089346,8942e44e39bffff
Labour Colony,لیبر کالونی,neighbourhood,24.834998,67.213965,5333621963,8942e44c5c3ffff
Landhi 89 Chowk,Landhi 89 Chowk,neighbourhood,24.846765,67.205914,5133191774,8942e44e307ffff
Landhi Sector 21,Landhi Sector 21,neighbourhood,24.852093,67.186472,5156598720,8942e44e063ffff
Mansehra Colony,Mansehra Colony,neighbourhood,24.857406,67.187126,6949994641,8942e44e03bffff
Muhammad Nagar,Muhammad Nagar,neighbourhood,24.841948,67.211814,5333621965,8942e44e367ffff
Sharafi Goth Landhi,شرافی گوٹھ لانڈھی,village,24.855979,67.172246,4776898512,8942e44e0c3ffff
Sherpao Colony,شیرپاو کالونی,suburb,24.835662,67.209429,4776898511,8942e44c5d3ffff
