scene_id,datetime,platform,scene_cloud_cover,usable_pixel_fraction,used,note
LC09_L2SP_152043_20220406_02_T1,2022-04-06T05:57:03.606439+00:00,landsat-9,6.57,1.0,True,
LC08_L2SP_152043_20220414_02_T1,2022-04-14T05:56:58.033916+00:00,landsat-8,0.93,1.0,True,
LC09_L2SP_152043_20220422_02_T1,2022-04-22T05:56:52.801497+00:00,landsat-9,3.23,1.0,True,
LC08_L2SP_152043_20220430_02_T1,2022-04-30T05:56:54.027191+00:00,landsat-8,0.29,1.0,True,
LC09_L2SP_152043_20220508_02_T1,2022-05-08T05:56:48.532724+00:00,landsat-9,10.31,1.0,True,
LC08_L2SP_152043_20220516_02_T1,2022-05-16T05:57:03.746297+00:00,landsat-8,3.87,1.0,True,
LC09_L2SP_152043_20220524_02_T1,2022-05-24T05:56:38.231828+00:00,landsat-9,16.85,1.0,True,
LC08_L2SP_152043_20220601_02_T1,2022-06-01T05:57:07.407601+00:00,landsat-8,11.16,0.9964,True,
LC09_L2SP_152043_20220609_02_T1,2022-06-09T05:56:39.765451+00:00,landsat-9,44.24,0.3606,True,
LC09_L2SP_152043_20220625_02_T1,2022-06-25T05:57:00.809323+00:00,landsat-9,13.16,1.0,True,
LC08_L2SP_152043_20230401_02_T1,2023-04-01T05:56:54.079991+00:00,landsat-8,11.76,0.0507,True,
LC09_L2SP_152043_20230409_02_T1,2023-04-09T05:57:02.887900+00:00,landsat-9,6.4,0.7489,True,
LC08_L2SP_152043_20230417_02_T1,2023-04-17T05:56:39.816080+00:00,landsat-8,0.4,0.9974,True,
LC08_L2SP_152043_20230503_02_T1,2023-05-03T05:56:34.777827+00:00,landsat-8,5.72,0.8834,True,
LC09_L2SP_152043_20230511_02_T1,2023-05-11T05:56:46.389305+00:00,landsat-9,0.16,1.0,True,
LC08_L2SP_152043_20230519_02_T1,2023-05-19T05:56:23.770777+00:00,landsat-8,8.98,0.9875,True,
LC09_L2SP_152043_20230527_02_T1,2023-05-27T05:56:36.324923+00:00,landsat-9,21.29,0.2165,True,
LC08_L2SP_152043_20230604_02_T1,2023-06-04T05:56:28.369010+00:00,landsat-8,4.37,0.9941,True,
LC09_L2SP_152043_20230612_02_T1,2023-06-12T05:56:29.763563+00:00,landsat-9,2.01,1.0,True,
LC09_L2SP_152043_20240411_02_T1,2024-04-11T05:57:04.477639+00:00,landsat-9,7.67,0.9983,True,
LC08_L2SP_152043_20240419_02_T1,2024-04-19T05:56:35.001287+00:00,landsat-8,9.12,0.7628,True,
LC09_L2SP_152043_20240427_02_T1,2024-04-27T05:56:45.302297+00:00,landsat-9,1.28,0.9954,True,
LC08_L2SP_152043_20240505_02_T1,2024-05-05T05:56:26.560048+00:00,landsat-8,12.33,0.9972,True,
LC09_L2SP_152043_20240513_02_T1,2024-05-13T05:56:41.190338+00:00,landsat-9,3.06,1.0,True,
LC08_L2SP_152043_20240521_02_T1,2024-05-21T05:56:13.710898+00:00,landsat-8,4.52,1.0,True,
LC09_L2SP_152043_20240529_02_T1,2024-05-29T05:56:29.200521+00:00,landsat-9,6.79,1.0,True,
LC08_L2SP_152043_20240606_02_T1,2024-06-06T05:56:12.947661+00:00,landsat-8,48.19,0.2937,True,
LC09_L2SP_152043_20240614_02_T1,2024-06-14T05:56:22.509583+00:00,landsat-9,17.41,0.8799,True,
LC08_L2SP_152043_20240622_02_T1,2024-06-22T05:56:21.830716+00:00,landsat-8,30.8,0.8225,True,
LC08_L2SP_152043_20250406_02_T1,2025-04-06T05:56:45.969179+00:00,landsat-8,0.0,1.0,True,
LC09_L2SP_152043_20250414_02_T1,2025-04-14T05:57:00.051366+00:00,landsat-9,0.36,1.0,True,
LC08_L2SP_152043_20250422_02_T1,2025-04-22T05:56:32.869905+00:00,landsat-8,0.34,1.0,True,
LC09_L2SP_152043_20250430_02_T1,2025-04-30T05:56:51.485181+00:00,landsat-9,0.62,1.0,True,
LC08_L2SP_152043_20250508_02_T1,2025-05-08T05:56:30.148469+00:00,landsat-8,11.58,0.7292,True,
LC09_L2SP_152043_20250516_02_T1,2025-05-16T05:56:39.983768+00:00,landsat-9,9.49,0.6112,True,
LC08_L2SP_152043_20250524_02_T1,2025-05-24T05:56:35.508540+00:00,landsat-8,0.75,1.0,True,
LC09_L2SP_152043_20250601_02_T1,2025-06-01T05:56:34.019035+00:00,landsat-9,10.37,0.9597,True,
LC08_L2SP_152043_20250609_02_T1,2025-06-09T05:56:40.164801+00:00,landsat-8,4.62,1.0,True,
LC08_L2SP_152043_20260409_02_T1,2026-04-09T05:56:43.177533+00:00,landsat-8,0.22,1.0,True,
LC09_L2SP_152043_20260417_02_T1,2026-04-17T05:56:54.440151+00:00,landsat-9,11.4,0.4815,True,
LC08_L2SP_152043_20260425_02_T1,2026-04-25T05:56:40.993665+00:00,landsat-8,5.35,1.0,True,
LC09_L2SP_152043_20260503_02_T1,2026-05-03T05:56:47.329110+00:00,landsat-9,0.79,1.0,True,
LC08_L2SP_152043_20260511_02_T1,2026-05-11T05:56:19.735534+00:00,landsat-8,10.31,0.9258,True,
LC09_L2SP_152043_20260519_02_T1,2026-05-19T05:56:29.297949+00:00,landsat-9,2.76,0.9686,True,
LC08_L2SP_152043_20260527_02_T1,2026-05-27T05:56:12.047609+00:00,landsat-8,8.15,1.0,True,
LC09_L2SP_152043_20260604_02_T1,2026-06-04T05:56:21.721814+00:00,landsat-9,34.77,0.6801,True,
LC08_L2SP_152043_20260612_02_T1,2026-06-12T05:56:14.294284+00:00,landsat-8,12.65,0.9774,True,
LC08_L2SP_152043_20260628_02_T1,2026-06-28T05:56:28.609295+00:00,landsat-8,34.07,0.8576,True,
