h3,lst_mean_c,lst_p90_c,pixels,pixel_coverage,clear_looks_median,flags
8942e441927ffff,43.131,43.555,101,0.9928,43,
8942e44192fffff,42.206,43.019,81,1.0,40,
8942e44c417ffff,41.942,43.55,53,1.0,44,
8942e44c433ffff,41.462,42.94,81,0.9754,43,
8942e44c437ffff,43.73,44.554,67,1.0,44,
8942e44c483ffff,43.231,44.873,112,0.9867,45,
8942e44c487ffff,45.364,46.734,115,1.0,44,
8942e44c48bffff,45.704,46.592,50,1.0,46,
8942e44c48fffff,46.278,47.007,81,1.0,45,
8942e44c493ffff,45.589,46.336,116,1.0,45,
8942e44c497ffff,45.821,46.538,112,0.9866,45,
8942e44c49bffff,44.687,45.496,114,1.0,46,
8942e44c4a3ffff,41.019,42.003,113,0.9954,44,
8942e44c4a7ffff,41.914,42.253,113,0.9954,44,
8942e44c4abffff,42.039,43.41,112,0.9867,43,
8942e44c4afffff,40.786,41.774,115,1.0,43,
8942e44c4b3ffff,43.258,44.582,112,0.9866,44,
8942e44c4b7ffff,42.929,44.372,114,1.0,42,
8942e44c4bbffff,43.291,46.374,114,1.0,45,
8942e44c4c3ffff,45.986,46.312,82,0.9512,43,
8942e44c4cbffff,45.752,46.04,77,0.9974,45,
8942e44c4d3ffff,45.916,46.628,115,1.0,44,
8942e44c4d7ffff,45.728,46.604,112,0.9964,45,
8942e44c4dbffff,45.378,46.378,115,1.0,44,
8942e44c583ffff,40.448,41.771,110,0.9936,37,
8942e44c58bffff,42.861,44.447,81,0.9982,43,
8942e44c593ffff,42.772,43.265,114,1.0,41,
8942e44c597ffff,42.876,43.506,46,1.0,41,
8942e44c59bffff,42.768,43.228,115,1.0,43,
8942e44c5c3ffff,42.089,42.437,105,0.9874,44,
8942e44c5cbffff,44.094,44.596,50,1.0,44,
8942e44c5d3ffff,41.835,42.183,114,1.0,44,
8942e44c5d7ffff,41.967,42.433,112,0.9865,44,
8942e44c5dbffff,42.602,43.784,113,0.9954,45,
8942e44e003ffff,43.4,45.857,115,1.0,44,
8942e44e007ffff,45.887,47.287,112,0.9861,43,
8942e44e00bffff,43.422,43.881,114,1.0,44,
8942e44e00fffff,43.953,44.5,113,0.995,44,
8942e44e013ffff,41.115,42.291,112,0.9861,41,
8942e44e017ffff,41.168,43.286,115,1.0,42,
8942e44e01bffff,42.533,44.129,113,0.995,42,
8942e44e023ffff,43.051,43.463,115,1.0,42,
8942e44e027ffff,42.536,43.106,103,0.9872,42,
8942e44e02bffff,44.25,46.414,114,1.0,42,
8942e44e02fffff,42.856,43.259,114,1.0,43,
8942e44e033ffff,42.312,43.64,114,1.0,42,
8942e44e037ffff,43.287,43.962,39,0.9345,42,
8942e44e03bffff,44.019,44.858,113,0.995,43,
8942e44e043ffff,44.37,45.066,114,1.0,43,
8942e44e047ffff,44.528,45.267,114,1.0,44,
8942e44e04bffff,44.127,44.716,115,1.0,43,
8942e44e04fffff,44.189,45.012,112,0.9863,43,
8942e44e053ffff,43.553,44.103,114,1.0,42,
8942e44e057ffff,43.835,44.507,112,0.9863,43,
8942e44e05bffff,43.803,44.452,112,0.9864,43,
8942e44e063ffff,44.924,45.797,112,0.9863,41,
8942e44e067ffff,45.333,46.102,115,1.0,41,
8942e44e06bffff,44.665,45.071,112,0.9863,43,
8942e44e06fffff,44.405,45.361,115,1.0,41,
8942e44e073ffff,44.772,45.276,113,0.9951,42,
8942e44e077ffff,44.458,45.447,113,0.995,40,
8942e44e07bffff,45.434,46.102,116,1.0,43,
8942e44e083ffff,40.562,42.731,113,0.9949,42,
8942e44e087ffff,42.289,43.476,73,0.9869,43,
8942e44e08bffff,40.018,40.891,114,1.0,41,
8942e44e08fffff,39.914,40.963,115,1.0,42,
8942e44e093ffff,43.344,45.578,113,0.9948,41,
8942e44e097ffff,43.517,44.656,41,0.9637,42,
8942e44e09bffff,40.686,43.902,115,1.0,41,
8942e44e0abffff,41.982,42.673,101,1.0,43,
8942e44e0bbffff,41.803,43.006,102,0.9801,43,
8942e44e0c3ffff,44.31,45.86,112,0.9862,41,
8942e44e0c7ffff,40.515,42.503,115,1.0,41,
8942e44e0cbffff,44.773,45.882,113,0.9951,43,
8942e44e0cfffff,43.28,44.919,115,1.0,42,
8942e44e0d3ffff,42.268,44.643,115,1.0,42,
8942e44e0d7ffff,39.815,42.586,113,0.995,41,
8942e44e0dbffff,43.783,45.218,115,1.0,42,
8942e44e143ffff,42.35,42.947,41,1.0,43,
8942e44e14bffff,42.637,43.052,100,1.0,41,
8942e44e153ffff,40.731,41.752,59,1.0,43,
8942e44e15bffff,42.525,42.741,113,0.9949,44,
8942e44e203ffff,42.822,43.483,112,0.9866,42,
8942e44e207ffff,42.547,42.885,113,0.9954,42,
8942e44e20bffff,43.039,44.164,112,0.9867,43,
8942e44e20fffff,42.261,43.716,114,1.0,42,
8942e44e213ffff,42.675,43.267,114,1.0,42,
8942e44e217ffff,42.599,42.894,113,0.9953,42,
8942e44e21bffff,43.394,44.377,116,1.0,42,
8942e44e223ffff,43.321,44.383,114,1.0,42,
8942e44e227ffff,43.207,44.067,114,1.0,42,
8942e44e22bffff,44.561,45.637,113,0.9954,41,
8942e44e22fffff,44.076,45.128,113,0.9954,43,
8942e44e233ffff,42.756,43.488,114,1.0,41,
8942e44e237ffff,43.714,44.287,113,0.9953,41,
8942e44e23bffff,42.746,43.435,113,0.9954,40,
8942e44e243ffff,43.999,44.9,113,0.9956,42,
8942e44e247ffff,43.983,44.702,114,1.0,45,
8942e44e24bffff,43.207,44.275,114,1.0,42,
8942e44e24fffff,42.264,42.816,114,1.0,43,
8942e44e253ffff,42.196,42.553,115,1.0,42,
8942e44e257ffff,42.534,43.468,114,1.0,43,
8942e44e25bffff,43.292,44.8,113,0.9956,42,
8942e44e263ffff,42.848,44.663,115,1.0,44,
8942e44e267ffff,45.945,46.549,112,0.9867,43,
8942e44e26bffff,43.586,45.721,112,0.9868,44,
8942e44e26fffff,45.669,46.234,114,1.0,45,
8942e44e273ffff,41.487,43.382,112,0.9867,44,
8942e44e277ffff,42.296,44.629,114,1.0,42,
8942e44e27bffff,42.258,43.463,113,0.9955,44,
8942e44e283ffff,42.803,43.139,113,0.9953,42,
8942e44e287ffff,43.666,45.018,113,0.9953,42,
8942e44e28bffff,43.051,43.36,114,1.0,42,
8942e44e28fffff,42.856,43.148,114,1.0,42,
8942e44e293ffff,42.848,43.538,114,1.0,44,
8942e44e297ffff,43.463,44.21,113,0.9952,44,
8942e44e29bffff,42.333,42.569,114,1.0,43,
8942e44e2a3ffff,42.624,42.891,113,0.9952,43,
8942e44e2a7ffff,42.916,43.662,115,1.0,43,
8942e44e2abffff,43.028,43.42,114,1.0,42,
8942e44e2afffff,43.081,43.587,113,0.9953,43,
8942e44e2b3ffff,42.971,43.921,114,1.0,42,
8942e44e2b7ffff,43.539,44.355,113,0.9952,43,
8942e44e2bbffff,43.219,44.211,114,1.0,42,
8942e44e2c3ffff,42.018,42.39,113,0.9954,43,
8942e44e2c7ffff,42.558,42.882,114,1.0,43,
8942e44e2cbffff,42.647,43.223,102,0.9931,43,
8942e44e2cfffff,42.496,42.96,113,0.9955,43,
8942e44e2d3ffff,42.529,42.686,114,1.0,43,
8942e44e2d7ffff,42.585,42.948,112,0.9866,43,
8942e44e2dbffff,42.344,42.809,75,1.0,42,
8942e44e303ffff,43.132,43.784,113,0.9952,40,
8942e44e307ffff,43.378,43.924,115,1.0,40,
8942e44e30bffff,43.146,43.46,113,0.9952,41,
8942e44e30fffff,44.024,44.987,114,1.0,40,
8942e44e313ffff,42.502,43.102,114,1.0,41,
8942e44e317ffff,43.416,44.814,114,1.0,40,
8942e44e31bffff,42.982,43.262,113,0.9952,41,
8942e44e323ffff,44.783,45.566,70,0.9917,40,
8942e44e32bffff,43.73,45.26,113,0.9952,40,
8942e44e32fffff,43.792,44.615,34,1.0,41,
8942e44e333ffff,44.551,45.509,80,0.9574,40,
8942e44e33bffff,44.12,45.822,113,0.9951,40,
8942e44e343ffff,42.385,43.136,112,0.9865,42,
8942e44e347ffff,44.262,45.797,113,0.9953,41,
8942e44e34bffff,44.47,46.065,114,1.0,44,
8942e44e34fffff,44.853,45.57,113,0.9953,42,
8942e44e353ffff,43.393,44.034,115,1.0,41,
8942e44e357ffff,43.144,43.533,113,0.9953,42,
8942e44e35bffff,44.465,46.334,115,1.0,44,
8942e44e363ffff,43.467,44.894,116,1.0,41,
8942e44e367ffff,43.342,45.329,113,0.9952,41,
8942e44e36bffff,41.999,42.426,115,1.0,42,
8942e44e36fffff,42.74,43.526,112,0.9865,43,
8942e44e373ffff,43.423,43.768,114,1.0,41,
8942e44e377ffff,43.565,44.314,113,0.9952,41,
8942e44e37bffff,43.603,44.879,113,0.9953,42,
8942e44e383ffff,44.495,45.014,113,0.995,41,
8942e44e387ffff,43.908,44.572,114,1.0,41,
8942e44e38bffff,43.444,44.066,113,0.9951,42,
8942e44e38fffff,43.23,44.71,112,0.9863,41,
8942e44e393ffff,43.791,45.154,114,1.0,42,
8942e44e397ffff,43.268,43.898,112,0.9862,42,
8942e44e39bffff,45.05,45.963,113,0.9951,42,
8942e44e3abffff,44.07,44.539,106,1.0,40,
8942e44e3b3ffff,43.348,43.659,55,1.0,41,
8942e44e3bbffff,44.095,45.845,116,1.0,41,
8942e44e3c3ffff,43.481,44.553,114,1.0,42,
8942e44e3c7ffff,42.525,43.191,113,0.9952,42,
8942e44e3cbffff,43.818,44.796,114,1.0,42,
8942e44e3cfffff,42.661,43.325,114,1.0,42,
8942e44e3d3ffff,43.097,43.633,113,0.9952,43,
8942e44e3d7ffff,43.012,44.654,114,1.0,41,
8942e44e3dbffff,43.493,43.954,113,0.9952,43,
8942e44e403ffff,41.043,42.196,80,0.962,43,
8942e44e407ffff,41.38,42.132,27,0.925,42,
8942e44e40bffff,41.135,43.476,114,1.0,42,
8942e44e40fffff,42.107,42.76,114,1.0,42,
8942e44e413ffff,40.511,41.165,39,1.0,43,
8942e44e41bffff,42.28,43.844,113,0.9948,43,
8942e44e42bffff,43.044,45.359,112,0.9937,41,
8942e44e43bffff,43.266,45.149,88,1.0,42,
8942e44e443ffff,43.798,45.289,113,0.9949,42,
8942e44e447ffff,39.706,41.485,115,1.0,42,
8942e44e44bffff,43.676,44.251,113,0.995,41,
8942e44e44fffff,44.099,45.841,116,1.0,42,
8942e44e453ffff,43.429,44.169,112,0.9861,43,
8942e44e457ffff,42.206,44.415,114,1.0,43,
8942e44e45bffff,42.928,43.266,114,1.0,41,
8942e44e463ffff,41.884,43.284,113,0.9949,43,
8942e44e467ffff,42.139,44.805,114,1.0,42,
8942e44e46bffff,39.189,40.209,114,1.0,43,
8942e44e46fffff,39.436,41.194,113,0.9949,43,
8942e44e473ffff,41.764,42.925,114,1.0,42,
8942e44e477ffff,41.092,42.249,113,0.9948,42,
8942e44e47bffff,43.151,44.707,112,0.9861,43,
8942e44e4c3ffff,44.321,45.413,110,0.9803,42,
8942e44e4c7ffff,41.749,44.212,114,1.0,42,
8942e44e4cbffff,43.372,43.882,110,0.9986,43,
8942e44e4cfffff,42.848,44.602,114,1.0,42,
8942e44e4d7ffff,39.944,42.43,86,0.9828,41,
8942e44e603ffff,44.39,45.267,114,1.0,44,
8942e44e607ffff,43.881,44.729,116,1.0,45,
8942e44e60bffff,44.876,45.494,114,1.0,43,
8942e44e60fffff,45.208,46.389,113,0.9952,44,
8942e44e613ffff,43.985,44.878,113,0.9952,44,
8942e44e617ffff,44.139,45.078,113,0.9952,44,
8942e44e61bffff,44.178,44.523,112,0.9864,43,
8942e44e623ffff,44.016,44.634,112,0.9864,45,
8942e44e627ffff,44.751,45.814,114,1.0,43,
8942e44e62bffff,43.005,43.564,112,0.9864,45,
8942e44e62fffff,43.959,44.314,116,1.0,45,
8942e44e633ffff,43.592,44.535,112,0.9863,45,
8942e44e637ffff,43.799,45.048,114,1.0,44,
8942e44e63bffff,43.855,45.026,114,1.0,45,
8942e44e643ffff,44.024,44.608,114,1.0,40,
8942e44e647ffff,43.87,44.595,112,0.9865,42,
8942e44e64bffff,44.338,44.982,42,1.0,41,
8942e44e64fffff,43.908,44.877,85,0.9664,41,
8942e44e653ffff,44.36,45.097,40,0.995,40,
8942e44e657ffff,44.681,45.274,113,0.9953,42,
8942e44e663ffff,43.115,43.602,113,0.9953,45,
8942e44e667ffff,43.186,44.038,114,1.0,44,
8942e44e66bffff,42.794,43.38,115,1.0,44,
8942e44e66fffff,42.855,43.473,113,0.9954,44,
8942e44e673ffff,44.096,45.458,115,1.0,45,
8942e44e677ffff,43.132,43.568,113,0.9953,45,
8942e44e67bffff,43.905,44.87,114,1.0,44,
8942e44e683ffff,45.408,46.094,112,0.9863,43,
8942e44e687ffff,45.048,45.865,114,1.0,44,
8942e44e68bffff,44.776,46.849,113,1.0,44,
8942e44e68fffff,44.851,45.436,113,0.9951,43,
8942e44e693ffff,42.495,43.576,56,1.0,40,
8942e44e697ffff,43.435,43.909,113,0.995,40,
8942e44e6a3ffff,44.298,45.565,113,0.9951,43,
8942e44e6a7ffff,41.973,43.095,112,0.9862,42,
8942e44e6abffff,44.756,47.02,115,1.0,44,
8942e44e6afffff,43.673,44.68,113,0.9951,43,
8942e44e6b3ffff,43.066,45.105,114,1.0,44,
8942e44e6b7ffff,40.671,42.398,112,0.9862,44,
8942e44e6bbffff,45.252,46.431,114,1.0,43,
8942e44e6c7ffff,44.603,45.607,96,1.0,44,
8942e44e6cfffff,44.707,45.008,69,1.0,43,
8942e44f107ffff,42.982,43.3,100,1.0,42,
8942e44f117ffff,43.225,44.355,56,1.0,42,
8942e44f123ffff,43.091,43.374,54,0.9681,43,
8942e44f127ffff,44.506,45.805,42,1.0,43,
8942e44f133ffff,43.088,43.53,114,1.0,43,
8942e44f137ffff,44.1,45.506,113,0.9957,45,
8942e44f183ffff,43.113,43.546,83,0.9663,42,
8942e44f187ffff,43.009,43.996,113,0.9957,41,
8942e44f18fffff,43.442,43.92,38,0.9173,42,
8942e44f193ffff,43.584,44.105,75,1.0,41,
8942e44f197ffff,42.834,43.229,112,0.9868,42,
8942e44f1a3ffff,42.689,43.545,114,1.0,43,
8942e44f1a7ffff,45.656,46.495,113,0.9956,45,
8942e44f1abffff,42.926,43.156,114,1.0,43,
8942e44f1afffff,44.709,45.752,112,0.9869,45,
8942e44f1b3ffff,42.397,42.85,114,1.0,42,
8942e44f1b7ffff,42.935,44.337,113,0.9956,43,
8942e44f1bbffff,42.978,43.418,114,1.0,42,
8942e44f527ffff,42.838,43.34,112,0.9943,42,
8942e44f52fffff,43.272,43.937,100,1.0,42,
8942e44f5a7ffff,42.606,43.142,109,1.0,42,
8942e44f5afffff,42.459,42.839,32,1.0,42,
