h3,population,population_alt,density_per_km2,source_pixels
8942e441927ffff,1315.03,1577.84,14362.8,108
8942e44192fffff,297.83,291.87,4110.6,78
8942e44c417ffff,30.02,0.0,634.6,58
8942e44c433ffff,90.07,228.58,1205.1,84
8942e44c437ffff,40.03,309.4,676.0,71
8942e44c483ffff,1894.3,0.0,18541.9,119
8942e44c487ffff,290.22,0.0,2840.6,121
8942e44c48bffff,581.26,0.0,13723.5,48
8942e44c48fffff,776.2,0.0,10712.7,82
8942e44c493ffff,2435.52,0.0,23838.9,113
8942e44c497ffff,1508.39,236.83,14763.7,120
8942e44c49bffff,0.0,0.0,0.0,119
8942e44c4a3ffff,250.19,182.92,2448.8,119
8942e44c4a7ffff,730.55,673.03,7150.2,120
8942e44c4abffff,60.04,97.54,587.7,121
8942e44c4afffff,230.17,848.47,2252.9,119
8942e44c4b3ffff,310.23,0.0,3036.4,118
8942e44c4b7ffff,470.35,561.17,4603.4,115
8942e44c4bbffff,170.13,0.0,1665.2,114
8942e44c4c3ffff,20.01,0.0,258.0,91
8942e44c4cbffff,0.0,0.0,0.0,76
8942e44c4d3ffff,20.01,0.0,195.9,119
8942e44c4d7ffff,40.03,69.1,395.7,120
8942e44c4dbffff,77.66,0.0,760.3,120
8942e44c583ffff,350.26,703.54,3515.3,111
8942e44c58bffff,390.29,705.82,5344.1,88
8942e44c593ffff,770.58,809.14,7540.6,119
8942e44c597ffff,380.28,358.41,9554.7,48
8942e44c59bffff,620.46,823.23,6072.0,121
8942e44c5c3ffff,770.58,748.4,8051.2,111
8942e44c5cbffff,40.03,282.02,908.9,51
8942e44c5d3ffff,730.55,807.62,7150.0,120
8942e44c5d7ffff,790.59,870.97,7737.4,112
8942e44c5dbffff,550.41,737.31,5387.3,114
8942e44e003ffff,190.14,62.48,1860.2,121
8942e44e007ffff,187.74,0.0,1836.7,120
8942e44e00bffff,610.46,612.67,5972.7,119
8942e44e00fffff,460.34,738.2,4503.9,113
8942e44e013ffff,135.31,0.0,1323.7,116
8942e44e017ffff,202.96,0.0,1985.5,120
8942e44e01bffff,90.07,0.0,881.2,119
8942e44e023ffff,1690.51,1130.37,16538.3,120
8942e44e027ffff,708.54,759.0,7545.2,113
8942e44e02bffff,790.59,943.26,7734.8,119
8942e44e02fffff,750.56,732.44,7342.9,112
8942e44e033ffff,1518.4,0.0,15255.2,112
8942e44e037ffff,0.0,0.0,0.0,43
8942e44e03bffff,610.46,580.42,5972.3,120
8942e44e043ffff,730.55,977.28,7148.4,120
8942e44e047ffff,630.47,789.05,6168.9,114
8942e44e04bffff,640.48,910.56,6267.4,112
8942e44e04fffff,700.52,1195.89,6854.8,121
8942e44e053ffff,630.47,855.87,6169.0,120
8942e44e057ffff,540.4,668.78,5287.5,120
8942e44e05bffff,720.54,947.0,7050.7,119
8942e44e063ffff,760.57,957.3,7441.8,121
8942e44e067ffff,660.49,779.94,6462.4,113
8942e44e06bffff,550.41,986.71,5385.8,114
8942e44e06fffff,500.37,1013.43,4896.0,119
8942e44e073ffff,730.55,834.35,7147.9,119
8942e44e077ffff,790.59,952.95,7735.1,121
8942e44e07bffff,700.52,960.9,6854.5,120
8942e44e083ffff,0.0,0.0,0.0,122
8942e44e087ffff,0.0,207.57,0.0,79
8942e44e08bffff,0.0,0.0,0.0,120
8942e44e08fffff,0.0,0.0,0.0,118
8942e44e093ffff,0.0,218.41,0.0,114
8942e44e097ffff,0.0,0.0,0.0,43
8942e44e09bffff,0.0,0.0,0.0,118
8942e44e0abffff,67.65,0.0,744.9,107
8942e44e0bbffff,0.0,0.0,0.0,105
8942e44e0c3ffff,260.19,94.9,2545.7,123
8942e44e0c7ffff,160.12,96.0,1566.5,116
8942e44e0cbffff,320.24,343.59,3133.4,115
8942e44e0cfffff,140.1,0.0,1370.8,117
8942e44e0d3ffff,30.02,0.0,293.7,121
8942e44e0d7ffff,50.04,0.0,489.5,119
8942e44e0dbffff,350.26,149.47,3427.0,119
8942e44e143ffff,100.07,386.27,2839.1,39
8942e44e14bffff,480.36,615.93,5370.4,106
8942e44e153ffff,80.06,184.35,1518.2,58
8942e44e15bffff,540.4,744.49,5286.7,121
8942e44e203ffff,2164.91,3176.19,21189.3,119
8942e44e207ffff,3788.59,2945.62,37079.8,119
8942e44e20bffff,811.84,2690.39,7946.5,121
8942e44e20fffff,405.92,2319.48,3973.1,119
8942e44e213ffff,3517.98,3200.57,34431.6,119
8942e44e217ffff,3112.06,3016.33,30457.8,113
8942e44e21bffff,1961.95,2890.01,19203.6,114
8942e44e223ffff,3179.71,2861.78,31120.3,120
8942e44e227ffff,4194.51,3800.01,41051.0,119
8942e44e22bffff,811.84,729.63,7946.1,119
8942e44e22fffff,3179.71,2395.27,31121.2,121
8942e44e233ffff,1961.95,3492.16,19201.5,121
8942e44e237ffff,3991.55,4649.14,39063.6,113
8942e44e23bffff,3112.06,1885.75,30459.3,113
8942e44e243ffff,1353.07,1646.74,13245.4,119
8942e44e247ffff,0.0,0.0,0.0,119
8942e44e24bffff,3450.33,2760.14,33777.7,121
8942e44e24fffff,2570.83,1862.38,25167.0,112
8942e44e253ffff,2164.91,2528.44,21192.0,113
8942e44e257ffff,2570.83,2411.66,25164.8,120
8942e44e25bffff,2570.83,2706.16,25167.2,122
8942e44e263ffff,135.31,0.0,1324.5,121
8942e44e267ffff,811.84,0.0,7946.6,120
8942e44e26bffff,0.0,0.0,0.0,119
8942e44e26fffff,0.0,0.0,0.0,114
8942e44e273ffff,202.96,691.5,1986.7,114
8942e44e277ffff,135.31,0.0,1324.4,120
8942e44e27bffff,0.0,0.0,0.0,120
8942e44e283ffff,2445.53,4079.36,23933.1,114
8942e44e287ffff,923.91,1044.22,9041.6,121
8942e44e28bffff,3112.06,3790.71,30458.1,119
8942e44e28fffff,3991.55,3871.05,39064.3,120
8942e44e293ffff,3026.79,3697.63,29621.0,119
8942e44e297ffff,1610.45,1907.07,15759.7,120
8942e44e29bffff,2164.91,3845.49,21187.6,116
8942e44e2a3ffff,2069.22,2334.96,20249.6,113
8942e44e2a7ffff,933.92,933.32,9139.0,120
8942e44e2abffff,3179.71,3712.42,31118.7,121
8942e44e2afffff,4803.4,4038.14,47007.3,119
8942e44e2b3ffff,620.46,883.55,6071.7,119
8942e44e2b7ffff,670.5,995.35,6561.2,119
8942e44e2bbffff,4459.92,3559.99,43646.4,121
8942e44e2c3ffff,3788.59,4330.12,37082.7,119
8942e44e2c7ffff,3382.67,3911.51,33108.6,121
8942e44e2cbffff,3788.59,2671.38,40985.7,109
8942e44e2cfffff,2435.52,3080.83,23839.6,118
8942e44e2d3ffff,3112.06,4107.71,30460.2,114
8942e44e2d7ffff,2976.75,3479.75,29134.7,119
8942e44e2dbffff,1961.95,2640.56,29351.6,78
8942e44e303ffff,740.55,880.37,7246.5,121
8942e44e307ffff,370.28,659.53,3623.1,112
8942e44e30bffff,650.49,744.64,6365.5,114
8942e44e30fffff,670.5,708.72,6561.1,121
8942e44e313ffff,610.46,1159.59,5973.3,121
8942e44e317ffff,450.34,854.59,4406.3,119
8942e44e31bffff,510.38,1040.17,4994.3,119
8942e44e323ffff,340.25,475.67,5356.2,77
8942e44e32bffff,580.43,821.52,5679.8,112
8942e44e32fffff,240.18,175.34,8128.7,34
8942e44e333ffff,470.35,420.61,6254.7,87
8942e44e33bffff,650.49,520.19,6365.1,119
8942e44e343ffff,943.93,1437.03,9238.0,118
8942e44e347ffff,870.65,791.44,8520.5,120
8942e44e34bffff,330.25,184.44,3232.2,119
8942e44e34fffff,700.52,692.66,6856.1,120
8942e44e353ffff,3044.41,3929.35,29793.9,120
8942e44e357ffff,680.92,989.26,6663.6,116
8942e44e35bffff,1758.99,3071.76,17215.5,114
8942e44e363ffff,780.58,622.71,7639.0,113
8942e44e367ffff,550.41,750.93,5386.3,121
8942e44e36bffff,840.63,893.64,8227.2,119
8942e44e36fffff,640.48,712.61,6268.1,120
8942e44e373ffff,830.62,753.76,8128.5,119
8942e44e377ffff,850.64,390.64,8324.1,121
8942e44e37bffff,690.52,824.32,6757.9,120
8942e44e383ffff,480.36,994.98,4699.9,120
8942e44e387ffff,560.42,1135.83,5483.0,114
8942e44e38bffff,530.4,956.96,5189.7,115
8942e44e38fffff,630.47,863.59,6168.8,117
8942e44e393ffff,770.58,887.56,7539.2,121
8942e44e397ffff,820.61,965.68,8028.5,119
8942e44e39bffff,770.58,992.57,7539.7,121
8942e44e3abffff,470.35,910.64,5069.3,111
8942e44e3b3ffff,300.22,453.49,6224.0,55
8942e44e3bbffff,630.47,836.04,6168.5,119
8942e44e3c3ffff,1289.8,991.43,12621.5,114
8942e44e3c7ffff,550.41,1123.98,5386.0,118
8942e44e3cbffff,4938.7,3917.19,48331.5,120
8942e44e3cfffff,1941.52,2363.75,18999.5,121
8942e44e3d3ffff,500.37,1201.07,4896.4,120
8942e44e3d7ffff,680.51,1076.4,6658.8,119
8942e44e3dbffff,3655.69,2810.16,35774.5,120
8942e44e403ffff,744.19,463.25,9943.5,84
8942e44e407ffff,0.0,0.0,0.0,31
8942e44e40bffff,2377.88,1700.59,23261.0,120
8942e44e40fffff,4126.86,2241.03,40368.4,120
8942e44e413ffff,0.0,0.0,0.0,41
8942e44e41bffff,1711.35,420.53,16740.4,111
8942e44e42bffff,744.19,410.53,7336.0,120
8942e44e43bffff,0.0,0.0,0.0,88
8942e44e443ffff,530.4,831.72,5188.9,120
8942e44e447ffff,40.03,57.16,391.6,121
8942e44e44bffff,560.42,941.08,5483.0,119
8942e44e44fffff,30.02,250.08,293.7,113
8942e44e453ffff,640.48,813.22,6265.8,111
8942e44e457ffff,290.22,574.39,2839.1,121
8942e44e45bffff,560.42,1071.96,5482.9,120
8942e44e463ffff,297.83,0.0,2913.5,121
8942e44e467ffff,1082.46,1613.89,10588.9,120
8942e44e46bffff,0.0,0.0,0.0,121
8942e44e46fffff,87.67,0.0,857.7,112
8942e44e473ffff,1868.66,223.18,18280.1,111
8942e44e477ffff,1556.03,423.44,15221.3,119
8942e44e47bffff,180.13,0.0,1762.3,121
8942e44e4c3ffff,200.15,872.93,1982.0,119
8942e44e4c7ffff,368.29,192.66,3602.5,121
8942e44e4cbffff,443.14,218.4,4469.7,118
8942e44e4cfffff,230.17,919.97,2251.6,121
8942e44e4d7ffff,10.01,0.0,127.1,89
8942e44e603ffff,710.53,834.56,6953.1,113
8942e44e607ffff,700.52,746.77,6855.0,119
8942e44e60bffff,668.1,971.36,6538.4,121
8942e44e60fffff,190.14,778.17,1860.7,120
8942e44e613ffff,590.44,923.63,5777.8,120
8942e44e617ffff,600.45,981.69,5875.5,120
8942e44e61bffff,560.42,923.08,5484.4,120
8942e44e623ffff,570.43,859.71,5581.9,116
8942e44e627ffff,630.47,1098.15,6169.2,116
8942e44e62bffff,921.1,1140.36,9013.9,118
8942e44e62fffff,810.61,830.55,7932.3,121
8942e44e633ffff,610.46,867.47,5973.4,121
8942e44e637ffff,530.4,799.94,5189.8,119
8942e44e63bffff,610.46,935.87,5973.7,119
8942e44e643ffff,2300.22,3607.11,22513.0,120
8942e44e647ffff,3247.37,3506.6,31782.1,119
8942e44e64bffff,1217.76,1412.85,32323.7,45
8942e44e64fffff,3315.02,3070.29,41880.1,91
8942e44e653ffff,1054.83,886.66,29158.3,43
8942e44e657ffff,1106.86,1486.09,10832.5,114
8942e44e663ffff,2841.45,3526.73,27809.0,121
8942e44e667ffff,2841.45,3714.42,27808.0,119
8942e44e66bffff,3720.94,3679.8,36418.7,119
8942e44e66fffff,2773.79,3780.99,27147.7,121
8942e44e673ffff,2959.14,3220.51,28960.0,120
8942e44e677ffff,2089.24,2234.84,20446.0,114
8942e44e67bffff,2164.91,3044.1,21188.5,112
8942e44e683ffff,60.04,274.21,587.5,120
8942e44e687ffff,220.16,523.18,2154.2,113
8942e44e68bffff,140.1,738.66,1382.4,111
8942e44e68fffff,350.26,761.6,3427.3,119
8942e44e693ffff,0.0,0.0,0.0,55
8942e44e697ffff,450.34,559.61,4406.1,122
8942e44e6a3ffff,290.22,109.48,2839.6,120
8942e44e6a7ffff,0.0,0.0,0.0,112
8942e44e6abffff,500.37,1008.56,4896.1,114
8942e44e6afffff,280.21,330.81,2741.7,120
8942e44e6b3ffff,270.2,326.44,2643.7,120
8942e44e6b7ffff,50.04,0.0,489.6,119
8942e44e6bbffff,580.43,783.54,5679.3,121
8942e44e6c7ffff,730.55,847.67,8520.0,100
8942e44e6cfffff,290.22,582.27,4718.2,71
8942e44f107ffff,3409.88,1431.57,38236.8,107
8942e44f117ffff,1285.42,1104.95,25964.8,55
8942e44f123ffff,300.22,216.93,5980.2,55
8942e44f127ffff,190.14,130.84,5091.6,47
8942e44f133ffff,2352.24,1162.07,23031.2,120
8942e44f137ffff,450.34,427.58,4409.1,121
8942e44f183ffff,2164.91,2634.29,28003.7,86
8942e44f187ffff,3179.71,2612.89,31130.6,112
8942e44f18fffff,879.49,1055.19,23588.4,46
8942e44f193ffff,1961.95,2506.67,29349.4,79
8942e44f197ffff,3247.37,2768.64,31792.0,119
8942e44f1a3ffff,4871.05,2102.01,47689.0,121
8942e44f1a7ffff,135.31,279.36,1324.6,113
8942e44f1abffff,4126.86,2105.76,40405.5,111
8942e44f1afffff,2377.88,659.96,23280.6,121
8942e44f1b3ffff,3315.02,2174.93,32454.1,121
8942e44f1b7ffff,1353.07,2546.5,13246.0,119
8942e44f1bbffff,2841.45,2864.78,27819.4,121
8942e44f527ffff,3653.29,3725.77,36035.6,117
8942e44f52fffff,3382.67,2467.99,38057.2,100
8942e44f5a7ffff,2232.56,3708.0,22816.4,115
8942e44f5afffff,405.92,555.56,15734.0,28
