h3,hazard,exposure,vulnerability,priority,intensity,rank,top_reasons,weights_provisional,model_incomplete
8942e44f1afffff,0.851288,0.947612,0.769091,0.852894,0.809146,1,Further from the nearest clinic or hospital; The ground here gets hotter on summer afternoons; More people live in this area,True,True
8942e44e07bffff,1.0,0.798769,0.729241,0.835149,0.853956,2,The ground here gets hotter on summer afternoons; Further from the nearest clinic or hospital; Little greenery or shade,True,True
8942e44e073ffff,0.864807,0.803878,0.821895,0.829804,0.843078,3,The ground here gets hotter on summer afternoons; Further from the nearest clinic or hospital; Little greenery or shade,True,True
8942e44e047ffff,0.812446,0.785947,0.853309,0.816767,0.832627,4,Further from the nearest clinic or hospital; The ground here gets hotter on summer afternoons; Little greenery or shade,True,True
8942e44e063ffff,0.897425,0.80878,0.748932,0.816126,0.819823,5,The ground here gets hotter on summer afternoons; Further from the nearest clinic or hospital; Little greenery or shade,True,True
8942e44e043ffff,0.778541,0.803878,0.830213,0.803934,0.803962,6,Further from the nearest clinic or hospital; The ground here gets hotter on summer afternoons; Little greenery or shade,True,True
8942e44e68fffff,0.88176,0.714456,0.799379,0.795597,0.83956,7,Further from the nearest clinic or hospital; The ground here gets hotter on summer afternoons,True,True
8942e44f127ffff,0.807725,0.640284,0.970995,0.794849,0.885605,8,Further from the nearest clinic or hospital; The ground here gets hotter on summer afternoons; Little greenery or shade,True,True
8942e44e627ffff,0.8603,0.785947,0.720035,0.786682,0.787049,9,The ground here gets hotter on summer afternoons; Further from the nearest clinic or hospital; Little greenery or shade,True,True
8942e44e6c7ffff,0.828541,0.803878,0.730295,0.786444,0.777869,10,The ground here gets hotter on summer afternoons; Further from the nearest clinic or hospital; Little greenery or shade,True,True
8942e44e6bbffff,0.967811,0.775884,0.64413,0.784971,0.789555,11,The ground here gets hotter on summer afternoons; Further from the nearest clinic or hospital,True,True
8942e44e067ffff,0.985193,0.791608,0.617488,0.783827,0.779965,12,The ground here gets hotter on summer afternoons; Little greenery or shade; More people live in this area,True,True
8942e44e687ffff,0.924034,0.658065,0.770501,0.776682,0.843783,13,Further from the nearest clinic or hospital; The ground here gets hotter on summer afternoons,True,True
8942e44f137ffff,0.720601,0.745013,0.868167,0.775331,0.79095,14,Further from the nearest clinic or hospital; The ground here gets hotter on summer afternoons,True,True
8942e44e04fffff,0.7397,0.798769,0.785969,0.774392,0.762483,15,Further from the nearest clinic or hospital; The ground here gets hotter on summer afternoons; Little greenery or shade,True,True
8942e44e603ffff,0.782833,0.800496,0.705977,0.761973,0.743412,16,The ground here gets hotter on summer afternoons; Further from the nearest clinic or hospital; Little greenery or shade,True,True
8942e44e60bffff,0.887124,0.793002,0.626461,0.760999,0.745485,17,The ground here gets hotter on summer afternoons; Little greenery or shade; More people live in this area,True,True
8942e44e453ffff,0.576609,0.787864,0.947542,0.755052,0.739163,18,Further from the nearest clinic or hospital; The ground here gets hotter on summer afternoons; Little greenery or shade,True,True
8942e44e39bffff,0.924464,0.810372,0.571103,0.753522,0.726611,19,The ground here gets hotter on summer afternoons; More people live in this area,True,True
8942e44f133ffff,0.503433,0.946292,0.898078,0.753518,0.672401,20,Further from the nearest clinic or hospital; More people live in this area; Little greenery or shade,True,True
8942e44e6abffff,0.861373,0.757826,0.655295,0.75347,0.751301,21,The ground here gets hotter on summer afternoons; Further from the nearest clinic or hospital,True,True
8942e44e057ffff,0.663734,0.767189,0.835638,0.752151,0.744742,22,Further from the nearest clinic or hospital; The ground here gets hotter on summer afternoons,True,True
8942e44e007ffff,1.0,0.638744,0.662359,0.750712,0.813855,23,The ground here gets hotter on summer afternoons; Further from the nearest clinic or hospital,True,True
8942e44e04bffff,0.726395,0.787864,0.738472,0.750446,0.732408,24,The ground here gets hotter on summer afternoons; Further from the nearest clinic or hospital; Little greenery or shade,True,True
8942e44e443ffff,0.655794,0.764917,0.839182,0.749455,0.741842,25,Further from the nearest clinic or hospital; The ground here gets hotter on summer afternoons,True,True
8942e44e44bffff,0.629614,0.771615,0.857189,0.746765,0.734641,26,Further from the nearest clinic or hospital; The ground here gets hotter on summer afternoons,True,True
8942e44e06bffff,0.841845,0.769422,0.640157,0.745695,0.734107,27,The ground here gets hotter on summer afternoons; Little greenery or shade,True,True
8942e44e613ffff,0.695923,0.777964,0.759732,0.743693,0.727128,28,Further from the nearest clinic or hospital; The ground here gets hotter on summer afternoons; Little greenery or shade,True,True
8942e44f107ffff,0.480687,0.991534,0.860063,0.742848,0.642978,29,Further from the nearest clinic or hospital; More people live in this area; Little greenery or shade,True,True
8942e44e05bffff,0.656867,0.802199,0.774777,0.741843,0.71339,30,Further from the nearest clinic or hospital; The ground here gets hotter on summer afternoons; Little greenery or shade,True,True
8942e44e077ffff,0.797425,0.813493,0.623845,0.739673,0.705315,31,The ground here gets hotter on summer afternoons; Further from the nearest clinic or hospital; More people live in this area,True,True
8942e44e657ffff,0.845279,0.854465,0.558123,0.738711,0.686855,32,The ground here gets hotter on summer afternoons; Little greenery or shade; More people live in this area,True,True
8942e44e617ffff,0.72897,0.78001,0.704601,0.737198,0.716682,33,Further from the nearest clinic or hospital; The ground here gets hotter on summer afternoons,True,True
8942e441927ffff,0.512661,0.875453,0.886296,0.73544,0.674069,34,Further from the nearest clinic or hospital; Little greenery or shade; More people live in this area,True,True
8942e44e68bffff,0.865665,0.603286,0.75795,0.73424,0.810019,35,Further from the nearest clinic or hospital; The ground here gets hotter on summer afternoons,True,True
8942e44e053ffff,0.603219,0.785947,0.819894,0.729808,0.703261,36,Further from the nearest clinic or hospital; The ground here gets hotter on summer afternoons; Little greenery or shade,True,True
8942e44e697ffff,0.577897,0.745013,0.893284,0.727224,0.718489,37,Further from the nearest clinic or hospital; The ground here gets hotter on summer afternoons,True,True
8942e44e683ffff,1.0,0.50115,0.76352,0.725988,0.873796,38,Further from the nearest clinic or hospital; The ground here gets hotter on summer afternoons,True,True
8942e44e62fffff,0.690343,0.816537,0.671355,0.723321,0.680783,39,The ground here gets hotter on summer afternoons; Little greenery or shade; More people live in this area,True,True
8942e44e647ffff,0.671245,0.985584,0.570155,0.72253,0.618638,40,More people live in this area; The ground here gets hotter on summer afternoons; Little greenery or shade,True,True
8942e44e323ffff,0.867167,0.710932,0.607295,0.720737,0.72569,41,The ground here gets hotter on summer afternoons; Little greenery or shade,True,True
8942e44e6cfffff,0.850858,0.691608,0.63371,0.719785,0.734301,42,The ground here gets hotter on summer afternoons; Little greenery or shade,True,True
8942e44e61bffff,0.737339,0.771615,0.653827,0.71919,0.694329,43,The ground here gets hotter on summer afternoons; Little greenery or shade,True,True
8942e44e00bffff,0.575107,0.782022,0.826459,0.719001,0.689422,44,Further from the nearest clinic or hospital; The ground here gets hotter on summer afternoons,True,True
8942e44e637ffff,0.656009,0.764917,0.737862,0.718069,0.695733,45,Further from the nearest clinic or hospital; The ground here gets hotter on summer afternoons; Little greenery or shade,True,True
8942e44e64fffff,0.679399,0.988096,0.550005,0.717404,0.611288,46,More people live in this area; The ground here gets hotter on summer afternoons; Little greenery or shade,True,True
8942e44f1abffff,0.46867,1.0,0.784058,0.716262,0.606188,47,Further from the nearest clinic or hospital; More people live in this area; Little greenery or shade,True,True
8942e44e607ffff,0.673605,0.798769,0.680554,0.715423,0.677071,48,The ground here gets hotter on summer afternoons; Little greenery or shade; Further from the nearest clinic or hospital,True,True
8942e44e34fffff,0.882189,0.798769,0.516563,0.714006,0.67506,49,The ground here gets hotter on summer afternoons; More people live in this area,True,True
8942e44e0c3ffff,0.765665,0.678343,0.699302,0.713484,0.731732,50,Further from the nearest clinic or hospital; The ground here gets hotter on summer afternoons,True,True
8942e44e00fffff,0.689056,0.747684,0.698198,0.711187,0.693612,51,Further from the nearest clinic or hospital; The ground here gets hotter on summer afternoons,True,True
8942e44e45bffff,0.469099,0.771615,0.982715,0.70854,0.678963,52,Further from the nearest clinic or hospital; Little greenery or shade,True,True
8942e44e623ffff,0.702575,0.773769,0.651617,0.707564,0.676616,53,The ground here gets hotter on summer afternoons; Little greenery or shade,True,True
8942e44e653ffff,0.776395,0.848602,0.537063,0.707301,0.645735,54,The ground here gets hotter on summer afternoons; Little greenery or shade; More people live in this area,True,True
8942e44e02bffff,0.75279,0.813493,0.576141,0.706619,0.658569,55,The ground here gets hotter on summer afternoons; Little greenery or shade; More people live in this area,True,True
8942e44e297ffff,0.583906,0.900137,0.664695,0.7043,0.622992,56,Little greenery or shade; More people live in this area; The ground here gets hotter on summer afternoons,True,True
8942e44e67bffff,0.678755,0.936181,0.549048,0.703981,0.610466,57,More people live in this area; The ground here gets hotter on summer afternoons; Little greenery or shade,True,True
8942e44e383ffff,0.805365,0.752862,0.574887,0.703769,0.680436,58,The ground here gets hotter on summer afternoons; Little greenery or shade,True,True
8942e44c48fffff,1.0,0.811257,0.428921,0.703362,0.654921,59,The ground here gets hotter on summer afternoons; Further from the nearest clinic or hospital; More people live in this area,True,True
8942e44e03bffff,0.703219,0.782022,0.630771,0.702631,0.666011,60,The ground here gets hotter on summer afternoons; Further from the nearest clinic or hospital,True,True
8942e44f123ffff,0.504077,0.695723,0.972465,0.698665,0.700141,61,Further from the nearest clinic or hospital; Little greenery or shade,True,True
8942e44e06fffff,0.786052,0.757826,0.561113,0.693996,0.664126,62,The ground here gets hotter on summer afternoons,True,True
8942e44e0cbffff,0.865021,0.703567,0.546988,0.693058,0.687863,63,Further from the nearest clinic or hospital; The ground here gets hotter on summer afternoons,True,True
8942e44e673ffff,0.719742,0.974258,0.471945,0.691694,0.58282,64,More people live in this area; The ground here gets hotter on summer afternoons,True,True
8942e44e32bffff,0.641202,0.775884,0.66481,0.69156,0.652899,65,Further from the nearest clinic or hospital; The ground here gets hotter on summer afternoons,True,True
8942e44e643ffff,0.704292,0.943567,0.497386,0.691417,0.591866,66,The ground here gets hotter on summer afternoons; More people live in this area; Little greenery or shade,True,True
8942e44e22fffff,0.715451,0.983018,0.469715,0.691287,0.579705,67,More people live in this area; The ground here gets hotter on summer afternoons,True,True
8942e44e347ffff,0.755365,0.825236,0.526405,0.689739,0.630577,68,The ground here gets hotter on summer afternoons; Little greenery or shade; More people live in this area,True,True
8942e44e633ffff,0.611588,0.782022,0.685918,0.689684,0.647688,69,Little greenery or shade; The ground here gets hotter on summer afternoons; Further from the nearest clinic or hospital,True,True
8942e44e30fffff,0.704292,0.793438,0.582898,0.688049,0.640727,70,The ground here gets hotter on summer afternoons; Further from the nearest clinic or hospital; More people live in this area,True,True
8942e44e3cbffff,0.660086,1.0,0.49075,0.686784,0.569155,71,More people live in this area; The ground here gets hotter on summer afternoons; Little greenery or shade,True,True
8942e44e2b7ffff,0.600215,0.793438,0.673563,0.684541,0.635832,72,Little greenery or shade; The ground here gets hotter on summer afternoons; Further from the nearest clinic or hospital,True,True
8942e44e237ffff,0.637768,1.0,0.5,0.683194,0.564698,73,More people live in this area; Little greenery or shade; The ground here gets hotter on summer afternoons,True,True
8942e44e32fffff,0.654506,0.668628,0.728255,0.683063,0.690397,74,Further from the nearest clinic or hospital; The ground here gets hotter on summer afternoons; Little greenery or shade,True,True
8942e44e287ffff,0.627468,0.832465,0.605567,0.681355,0.61642,75,The ground here gets hotter on summer afternoons; Little greenery or shade; More people live in this area,True,True
8942e44e387ffff,0.679399,0.771615,0.596104,0.678603,0.63639,76,The ground here gets hotter on summer afternoons; Little greenery or shade,True,True
8942e44f1bbffff,0.479828,0.969313,0.660118,0.674617,0.562799,77,More people live in this area; Little greenery or shade,True,True
8942e44f18fffff,0.579399,0.826466,0.639744,0.674119,0.608824,78,Little greenery or shade; The ground here gets hotter on summer afternoons; More people live in this area,True,True
8942e44e377ffff,0.605794,0.822405,0.613565,0.673634,0.609667,79,The ground here gets hotter on summer afternoons; Little greenery or shade; More people live in this area,True,True
8942e44f193ffff,0.609871,0.924188,0.526556,0.667034,0.566685,80,More people live in this area; The ground here gets hotter on summer afternoons,True,True
8942e44e63bffff,0.668026,0.782022,0.566969,0.666588,0.615427,81,The ground here gets hotter on summer afternoons; Little greenery or shade,True,True
8942e44e2bbffff,0.531545,1.0,0.55722,0.666585,0.544231,82,More people live in this area; Little greenery or shade,True,True
8942e44f1a3ffff,0.417811,1.0,0.704359,0.665158,0.542484,83,More people live in this area; Further from the nearest clinic or hospital; Little greenery or shade,True,True
8942e44f52fffff,0.542918,0.990558,0.545683,0.664535,0.544299,84,More people live in this area; Little greenery or shade; The ground here gets hotter on summer afternoons,True,True
8942e44e4c3ffff,0.768026,0.646506,0.577058,0.659259,0.665729,85,Further from the nearest clinic or hospital; The ground here gets hotter on summer afternoons,True,True
8942e44e293ffff,0.451931,0.977012,0.631275,0.653226,0.534128,86,More people live in this area; Little greenery or shade,True,True
8942e44e33bffff,0.724893,0.789751,0.485792,0.652737,0.59342,87,The ground here gets hotter on summer afternoons; More people live in this area,True,True
8942e44e303ffff,0.512876,0.805533,0.672301,0.652459,0.587202,88,Little greenery or shade; More people live in this area; Further from the nearest clinic or hospital,True,True
8942e44c497ffff,1.0,0.892162,0.310491,0.651875,0.557217,89,The ground here gets hotter on summer afternoons; More people live in this area; Further from the nearest clinic or hospital,True,True
8942e44e3dbffff,0.590343,1.0,0.463503,0.649211,0.523093,90,More people live in this area; The ground here gets hotter on summer afternoons; Little greenery or shade,True,True
8942e44f1a7ffff,1.0,0.599076,0.451758,0.646839,0.67213,91,The ground here gets hotter on summer afternoons; Further from the nearest clinic or hospital,True,True
8942e44e667ffff,0.524464,0.969313,0.530638,0.646139,0.527542,92,More people live in this area; Little greenery or shade,True,True
8942e44f183ffff,0.508798,0.936181,0.56628,0.646119,0.53677,93,More people live in this area; Little greenery or shade,True,True
8942e44e38fffff,0.533906,0.785947,0.640343,0.645293,0.584707,94,Little greenery or shade,True,True
8942e44c48bffff,1.0,0.776057,0.346206,0.645272,0.588392,95,The ground here gets hotter on summer afternoons; Further from the nearest clinic or hospital,True,True
8942e44e3bbffff,0.719528,0.785947,0.47367,0.644623,0.583797,96,The ground here gets hotter on summer afternoons,True,True
8942e44e227ffff,0.52897,1.0,0.504044,0.643625,0.516357,97,More people live in this area; Little greenery or shade,True,True
8942e44e367ffff,0.55794,0.769422,0.61776,0.642476,0.587088,98,The ground here gets hotter on summer afternoons; Little greenery or shade,True,True
8942e44f117ffff,0.532833,0.872679,0.570309,0.642468,0.551252,99,Further from the nearest clinic or hospital; More people live in this area,True,True
8942e44e363ffff,0.584764,0.811942,0.557714,0.642154,0.571079,100,Little greenery or shade; The ground here gets hotter on summer afternoons; More people live in this area,True,True
8942e44f187ffff,0.486481,0.983018,0.552167,0.641553,0.518284,101,More people live in this area; Little greenery or shade,True,True
8942e44e373ffff,0.575322,0.819506,0.557293,0.640495,0.566236,102,Little greenery or shade; The ground here gets hotter on summer afternoons; More people live in this area,True,True
8942e44e24bffff,0.52897,0.992971,0.499147,0.640028,0.513842,103,More people live in this area; Little greenery or shade,True,True
8942e44e38bffff,0.579828,0.764917,0.588203,0.63897,0.584001,104,The ground here gets hotter on summer afternoons,True,True
8942e44e4cbffff,0.564378,0.743053,0.622071,0.638964,0.592522,105,Further from the nearest clinic or hospital; The ground here gets hotter on summer afternoons,True,True
8942e44e353ffff,0.568884,0.97772,0.46804,0.638519,0.516004,106,More people live in this area; Little greenery or shade; The ground here gets hotter on summer afternoons,True,True
8942e44e64bffff,0.771674,0.866094,0.386921,0.637099,0.546422,107,The ground here gets hotter on summer afternoons; More people live in this area,True,True
8942e44e223ffff,0.553433,0.983018,0.471932,0.635578,0.511061,108,More people live in this area; Little greenery or shade; The ground here gets hotter on summer afternoons,True,True
8942e44e6a3ffff,0.76309,0.691608,0.486481,0.635575,0.609285,109,Further from the nearest clinic or hospital; The ground here gets hotter on summer afternoons,True,True
8942e44e25bffff,0.54721,0.957118,0.49012,0.635537,0.517879,110,More people live in this area; Little greenery or shade; The ground here gets hotter on summer afternoons,True,True
8942e44e28fffff,0.453648,1.0,0.561539,0.633918,0.504719,111,More people live in this area; Little greenery or shade,True,True
8942e44e21bffff,0.569099,0.924188,0.484108,0.633816,0.524886,112,More people live in this area; Little greenery or shade; The ground here gets hotter on summer afternoons,True,True
8942e44e66bffff,0.440343,1.0,0.572135,0.631582,0.501932,113,More people live in this area; Little greenery or shade,True,True
8942e44e023ffff,0.495494,0.906047,0.558389,0.630534,0.526002,114,More people live in this area; Little greenery or shade,True,True
8942e44e2b3ffff,0.478326,0.783999,0.665074,0.629463,0.564023,115,Little greenery or shade; Further from the nearest clinic or hospital,True,True
8942e44e243ffff,0.698927,0.878926,0.404238,0.628551,0.531538,116,The ground here gets hotter on summer afternoons; More people live in this area,True,True
8942e44e30bffff,0.51588,0.789751,0.60914,0.628423,0.560574,117,Little greenery or shade; More people live in this area,True,True
8942e44e393ffff,0.654292,0.810372,0.466008,0.627504,0.552182,118,The ground here gets hotter on summer afternoons; More people live in this area,True,True
8942e44e333ffff,0.817382,0.7503,0.402037,0.627059,0.573252,119,The ground here gets hotter on summer afternoons,True,True
8942e44e2afffff,0.501931,1.0,0.489413,0.626287,0.495633,120,More people live in this area; Little greenery or shade,True,True
8942e44f527ffff,0.449785,0.999936,0.542921,0.625035,0.494164,121,More people live in this area; Little greenery or shade,True,True
8942e44e66fffff,0.453433,0.966377,0.557002,0.624941,0.502557,122,More people live in this area; Little greenery or shade,True,True
8942e44e663ffff,0.509227,0.969313,0.492091,0.623937,0.500586,123,More people live in this area; Little greenery or shade,True,True
8942e44e2d3ffff,0.383476,0.980398,0.644928,0.623568,0.497308,124,More people live in this area; Little greenery or shade,True,True
8942e44e2abffff,0.490558,0.983018,0.502578,0.623474,0.496532,125,More people live in this area; Little greenery or shade,True,True
8942e44e0dbffff,0.652575,0.714456,0.516317,0.622072,0.580462,126,Further from the nearest clinic or hospital; The ground here gets hotter on summer afternoons,True,True
8942e44e28bffff,0.495494,0.980398,0.493936,0.621399,0.494714,127,More people live in this area; Little greenery or shade,True,True
8942e44e60fffff,0.958369,0.640284,0.385828,0.618633,0.608083,128,The ground here gets hotter on summer afternoons,True,True
8942e44e3b3ffff,0.559227,0.695723,0.606487,0.617944,0.582378,129,Little greenery or shade; The ground here gets hotter on summer afternoons,True,True
8942e44e317ffff,0.57382,0.745013,0.550831,0.617522,0.562208,130,The ground here gets hotter on summer afternoons; Little greenery or shade,True,True
8942e44f5a7ffff,0.4,0.939929,0.623868,0.616712,0.499547,131,More people live in this area; Little greenery or shade,True,True
8942e44c493ffff,1.0,0.950531,0.245662,0.615793,0.495643,132,The ground here gets hotter on summer afternoons; More people live in this area; Further from the nearest clinic or hospital,True,True
8942e44c4dbffff,0.99485,0.532062,0.441004,0.615726,0.662369,133,Further from the nearest clinic or hospital; The ground here gets hotter on summer afternoons,True,True
8942e44e3c3ffff,0.587768,0.873093,0.453323,0.615023,0.516187,134,More people live in this area; The ground here gets hotter on summer afternoons; Little greenery or shade,True,True
8942e44e283ffff,0.442275,0.95103,0.552688,0.614878,0.494408,135,More people live in this area; Little greenery or shade,True,True
8942e44e267ffff,1.0,0.816722,0.284617,0.614863,0.533495,136,The ground here gets hotter on summer afternoons; Further from the nearest clinic or hospital; More people live in this area,True,True
8942e44e31bffff,0.480687,0.760236,0.629534,0.61274,0.550099,137,Little greenery or shade,True,True
8942e44e307ffff,0.565665,0.721212,0.562184,0.612116,0.563922,138,Little greenery or shade; The ground here gets hotter on summer afternoons,True,True
8942e44e37bffff,0.613948,0.797019,0.466019,0.610944,0.534894,139,The ground here gets hotter on summer afternoons; Little greenery or shade; More people live in this area,True,True
8942e44c5cbffff,0.719313,0.452733,0.696127,0.609747,0.707625,140,The ground here gets hotter on summer afternoons; Little greenery or shade; Further from the nearest clinic or hospital,True,True
8942e44e677ffff,0.512876,0.931846,0.474214,0.609692,0.493166,141,More people live in this area; Little greenery or shade,True,True
8942e44e3abffff,0.714163,0.7503,0.415394,0.606035,0.544664,142,The ground here gets hotter on summer afternoons,True,True
8942e44e62bffff,0.485622,0.832094,0.547308,0.604739,0.515544,143,Little greenery or shade; More people live in this area,True,True
8942e44e213ffff,0.414807,0.995337,0.534906,0.604456,0.471044,144,More people live in this area; Little greenery or shade,True,True
8942e44c593ffff,0.435622,0.810372,0.624119,0.603977,0.521421,145,Little greenery or shade; More people live in this area,True,True
8942e44e2a3ffff,0.403863,0.930673,0.585907,0.603884,0.486442,146,More people live in this area; Little greenery or shade,True,True
8942e44e3d7ffff,0.487124,0.795242,0.567711,0.603609,0.525877,147,Little greenery or shade; More people live in this area,True,True
8942e44e2a7ffff,0.466524,0.833777,0.563766,0.603033,0.512845,148,Little greenery or shade; More people live in this area,True,True
8942e44e2d7ffff,0.395494,0.974981,0.561675,0.600538,0.471316,149,More people live in this area; Little greenery or shade,True,True
8942e44e397ffff,0.54206,0.81803,0.488141,0.600418,0.514394,150,Little greenery or shade; More people live in this area; The ground here gets hotter on summer afternoons,True,True
8942e44e3d3ffff,0.505365,0.757826,0.5644,0.600142,0.534067,151,Little greenery or shade,True,True
8942e44f1b3ffff,0.35515,0.988096,0.606725,0.597129,0.464197,152,More people live in this area; Little greenery or shade,True,True
8942e44f197ffff,0.448927,0.985584,0.477049,0.595403,0.462774,153,More people live in this area; Little greenery or shade,True,True
8942e44e3cfffff,0.411803,0.922912,0.553097,0.594589,0.477249,154,More people live in this area; Little greenery or shade,True,True
8942e44e47bffff,0.516953,0.633727,0.640088,0.594107,0.575235,155,Further from the nearest clinic or hospital,True,True
8942e44e203ffff,0.446352,0.936181,0.5,0.593384,0.472415,156,More people live in this area; Little greenery or shade,True,True
8942e44e6afffff,0.62897,0.687345,0.479145,0.591685,0.548969,157,Further from the nearest clinic or hospital; The ground here gets hotter on summer afternoons,True,True
8942e44c5dbffff,0.399142,0.769422,0.67246,0.591089,0.51808,158,Further from the nearest clinic or hospital; Little greenery or shade,True,True
8942e44e36fffff,0.428755,0.787864,0.609795,0.590584,0.511324,159,Little greenery or shade,True,True
8942e44e2cbffff,0.408798,1.0,0.5,0.58906,0.452105,160,More people live in this area; Little greenery or shade,True,True
8942e44e217ffff,0.398498,0.980398,0.519178,0.587555,0.454853,161,More people live in this area; Little greenery or shade,True,True
8942e44c597ffff,0.45794,0.724452,0.610441,0.587247,0.52872,162,Further from the nearest clinic or hospital,True,True
8942e44c487ffff,0.991845,0.691608,0.294967,0.587074,0.54089,163,The ground here gets hotter on summer afternoons; Further from the nearest clinic or hospital,True,True
8942e44e313ffff,0.377682,0.782022,0.680297,0.585708,0.506889,164,Little greenery or shade; Further from the nearest clinic or hospital,True,True
8942e44e233ffff,0.432189,0.924188,0.489312,0.580327,0.459864,165,More people live in this area; Little greenery or shade,True,True
8942e44e2c7ffff,0.3897,0.990558,0.5,0.57791,0.441418,166,More people live in this area; Little greenery or shade,True,True
8942e44e207ffff,0.387339,1.0,0.497222,0.577494,0.438855,167,More people live in this area; Little greenery or shade,True,True
8942e44e35bffff,0.798927,0.910885,0.264006,0.577025,0.459262,168,The ground here gets hotter on summer afternoons; More people live in this area,True,True
8942e44c59bffff,0.434764,0.783999,0.558065,0.575111,0.492571,169,Little greenery or shade,True,True
8942e44e357ffff,0.515451,0.795315,0.455445,0.57155,0.48452,170,More people live in this area,True,True
8942e44e6b3ffff,0.498712,0.682927,0.544837,0.570379,0.521265,171,Further from the nearest clinic or hospital,True,True
8942e44e02fffff,0.453648,0.807168,0.503501,0.569151,0.477925,172,Little greenery or shade; More people live in this area,True,True
8942e44e2cfffff,0.376395,0.950531,0.510462,0.567359,0.438333,173,More people live in this area; Little greenery or shade,True,True
8942e44e29bffff,0.341416,0.936181,0.571179,0.56729,0.441599,174,More people live in this area; Little greenery or shade,True,True
8942e44e23bffff,0.430043,0.980398,0.419826,0.561472,0.424904,175,More people live in this area,True,True
8942e44e4cfffff,0.451931,0.663461,0.589149,0.561097,0.515999,176,Further from the nearest clinic or hospital,True,True
8942e44c4c3ffff,1.0,0.371152,0.475395,0.560879,0.689489,177,Further from the nearest clinic or hospital; The ground here gets hotter on summer afternoons,True,True
8942e44e2dbffff,0.343777,0.924188,0.553612,0.560292,0.436256,178,More people live in this area; Little greenery or shade,True,True
8942e44e257ffff,0.384549,0.957118,0.476017,0.55956,0.427846,179,More people live in this area,True,True
8942e44e41bffff,0.330043,0.90754,0.575413,0.556509,0.435788,180,Further from the nearest clinic or hospital; More people live in this area,True,True
8942e44e14bffff,0.406652,0.752862,0.56232,0.556298,0.478193,181,Little greenery or shade,True,True
8942e44c4d7ffff,1.0,0.452733,0.378521,0.555449,0.61524,182,The ground here gets hotter on summer afternoons; Further from the nearest clinic or hospital,True,True
8942e44e40fffff,0.292918,1.0,0.580913,0.55414,0.412505,183,Further from the nearest clinic or hospital; More people live in this area,True,True
8942e44e3c7ffff,0.382618,0.769422,0.570905,0.551863,0.467374,184,Little greenery or shade,True,True
8942e44e42bffff,0.493991,0.80613,0.42197,0.551826,0.456563,185,Further from the nearest clinic or hospital; More people live in this area,True,True
8942e44192fffff,0.314163,0.694752,0.768504,0.551498,0.491361,186,Further from the nearest clinic or hospital,True,True
8942e44e253ffff,0.312017,0.936181,0.555554,0.54545,0.416344,187,More people live in this area; Little greenery or shade,True,True
8942e44c58bffff,0.454721,0.72761,0.488852,0.544846,0.471478,188,Little greenery or shade,True,True
8942e44e003ffff,0.570386,0.640284,0.440781,0.543987,0.501414,189,Further from the nearest clinic or hospital; The ground here gets hotter on summer afternoons,True,True
8942e44e467ffff,0.299785,0.85175,0.625328,0.542513,0.432972,190,Further from the nearest clinic or hospital; More people live in this area,True,True
8942e44c483ffff,0.53412,0.919913,0.324213,0.542091,0.416136,191,Further from the nearest clinic or hospital; More people live in this area,True,True
8942e44e0cfffff,0.544635,0.603286,0.481486,0.540842,0.512088,192,Further from the nearest clinic or hospital; The ground here gets hotter on summer afternoons,True,True
8942e44f5afffff,0.368455,0.732385,0.586173,0.540816,0.464735,193,Little greenery or shade,True,True
8942e44c4d3ffff,1.0,0.371152,0.425602,0.54057,0.652382,194,The ground here gets hotter on summer afternoons; Further from the nearest clinic or hospital,True,True
8942e44f1b7ffff,0.470601,0.878926,0.37841,0.538918,0.421995,195,More people live in this area; Further from the nearest clinic or hospital,True,True
8942e44e473ffff,0.219313,0.918253,0.769604,0.537153,0.410834,196,Further from the nearest clinic or hospital; More people live in this area,True,True
8942e44e2c3ffff,0.27382,1.0,0.564137,0.536558,0.393029,197,More people live in this area; Little greenery or shade,True,True
8942e44e15bffff,0.382618,0.767189,0.519128,0.53413,0.445677,198,Little greenery or shade,True,True
8942e44e44fffff,0.720386,0.418644,0.503958,0.533664,0.602531,199,Further from the nearest clinic or hospital; The ground here gets hotter on summer afternoons,True,True
8942e44e457ffff,0.314163,0.691608,0.669515,0.525927,0.458625,200,Further from the nearest clinic or hospital,True,True
8942e44e343ffff,0.352575,0.835075,0.490085,0.524505,0.415682,201,Little greenery or shade; More people live in this area,True,True
8942e44c4b7ffff,0.469313,0.7503,0.408161,0.523813,0.437671,202,Below the Landhi average on every measure we track,True,True
8942e44c5c3ffff,0.289056,0.810372,0.613225,0.523715,0.421018,203,Little greenery or shade; More people live in this area,True,True
8942e44e20bffff,0.492918,0.816722,0.348705,0.51972,0.414588,204,More people live in this area,True,True
8942e44e34bffff,0.8,0.707307,0.237006,0.511862,0.435437,205,The ground here gets hotter on summer afternoons,True,True
8942e44c4a7ffff,0.251502,0.803878,0.611327,0.498122,0.39211,206,Little greenery or shade; More people live in this area,True,True
8942e44e463ffff,0.245064,0.694752,0.716962,0.496061,0.419168,207,Further from the nearest clinic or hospital,True,True
8942e44c5d3ffff,0.234549,0.803878,0.646908,0.495932,0.389528,208,Little greenery or shade; More people live in this area,True,True
8942e44e24fffff,0.326609,0.957118,0.388219,0.495097,0.356084,209,More people live in this area,True,True
8942e44c437ffff,0.641202,0.452733,0.411207,0.492379,0.513485,210,Further from the nearest clinic or hospital; The ground here gets hotter on summer afternoons,True,True
8942e44e01bffff,0.384335,0.549918,0.564067,0.492167,0.465608,211,Further from the nearest clinic or hospital,True,True
8942e44e36bffff,0.269742,0.820964,0.521454,0.486964,0.375044,212,Little greenery or shade; More people live in this area,True,True
8942e44e027ffff,0.384979,0.800155,0.343389,0.472932,0.36359,213,More people live in this area,True,True
8942e44e033ffff,0.33691,0.892968,0.331879,0.46392,0.334385,214,Further from the nearest clinic or hospital; More people live in this area,True,True
8942e44c5d7ffff,0.262876,0.813493,0.461957,0.462277,0.348479,215,More people live in this area,True,True
8942e44c4bbffff,0.546996,0.626805,0.28403,0.460073,0.394161,216,Further from the nearest clinic or hospital; The ground here gets hotter on summer afternoons,True,True
8942e44c4b3ffff,0.539914,0.699708,0.242862,0.451025,0.362111,217,The ground here gets hotter on summer afternoons,True,True
8942e44e22bffff,0.819528,0.816722,0.136482,0.450372,0.334442,218,The ground here gets hotter on summer afternoons; More people live in this area,True,True
8942e44e143ffff,0.345064,0.562617,0.46498,0.44859,0.40056,219,Below the Landhi average on every measure we track,True,True
8942e44e263ffff,0.451931,0.599076,0.281147,0.423802,0.356454,220,Further from the nearest clinic or hospital,True,True
8942e44e4c7ffff,0.216094,0.720557,0.415732,0.401521,0.299729,221,Further from the nearest clinic or hospital,True,True
8942e44e0d3ffff,0.327468,0.418644,0.470141,0.400941,0.392372,222,Further from the nearest clinic or hospital,True,True
8942e44e40bffff,0.084335,0.947612,0.59405,0.362093,0.223828,223,Further from the nearest clinic or hospital; More people live in this area,True,True
8942e44e20fffff,0.325966,0.732385,0.192956,0.358473,0.250793,224,Below the Landhi average on every measure we track,True,True
8942e44c4abffff,0.278326,0.50115,0.303128,0.348377,0.290463,225,Further from the nearest clinic or hospital,True,True
8942e44e0abffff,0.266094,0.515471,0.291678,0.342017,0.278593,226,Further from the nearest clinic or hospital,True,True
8942e44c417ffff,0.257511,0.418644,0.318161,0.324909,0.286234,227,Further from the nearest clinic or hospital,True,True
8942e44e477ffff,0.075107,0.89595,0.493916,0.321519,0.192605,228,Further from the nearest clinic or hospital; More people live in this area,True,True
8942e44e277ffff,0.333476,0.599076,0.162082,0.318733,0.232488,229,Below the Landhi average on every measure we track,True,True
8942e44c433ffff,0.154506,0.549918,0.3314,0.304228,0.226282,230,Further from the nearest clinic or hospital,True,True
8942e44e013ffff,0.080043,0.599076,0.455038,0.279437,0.190847,231,Further from the nearest clinic or hospital,True,True
8942e44e017ffff,0.091416,0.648197,0.354347,0.27588,0.179981,232,Further from the nearest clinic or hospital,True,True
8942e44e273ffff,0.159871,0.648197,0.200055,0.274711,0.178838,233,Further from the nearest clinic or hospital,True,True
8942e44e403ffff,0.064592,0.80613,0.382956,0.271172,0.157277,234,Further from the nearest clinic or hospital; More people live in this area,True,True
8942e44c4a3ffff,0.059442,0.673584,0.319378,0.233846,0.137784,235,Below the Landhi average on every measure we track,True,True
8942e44c583ffff,0.01,0.714456,0.593113,0.161822,0.077014,236,Little greenery or shade,True,True
8942e44e0c7ffff,0.01,0.619458,0.558045,0.151203,0.074702,237,Further from the nearest clinic or hospital,True,True
8942e44e46fffff,0.01,0.546663,0.534276,0.142943,0.073094,238,Further from the nearest clinic or hospital,True,True
8942e44c4afffff,0.01,0.663461,0.438175,0.142721,0.066195,239,Further from the nearest clinic or hospital,True,True
8942e44e0d7ffff,0.01,0.479342,0.507387,0.134481,0.071231,240,Further from the nearest clinic or hospital,True,True
8942e44e6b7ffff,0.01,0.479342,0.492758,0.133176,0.070197,241,Further from the nearest clinic or hospital,True,True
8942e44e447ffff,0.01,0.452733,0.5,0.131302,0.070711,242,Further from the nearest clinic or hospital,True,True
8942e44e4d7ffff,0.01,0.292388,0.401327,0.105476,0.06335,243,Further from the nearest clinic or hospital,True,True
8942e44e153ffff,0.01,0.535725,0.134354,0.089619,0.036654,244,Below the Landhi average on every measure we track,True,True
8942e44c49bffff,0.846567,0.0,0.274335,0.0,,245,The ground here gets hotter on summer afternoons; Further from the nearest clinic or hospital,True,True
8942e44c4cbffff,1.0,0.0,0.547825,0.0,,245,Further from the nearest clinic or hospital; The ground here gets hotter on summer afternoons,True,True
8942e44e037ffff,0.546137,0.0,0.171892,0.0,,245,The ground here gets hotter on summer afternoons,True,True
8942e44e083ffff,0.01,0.0,0.434966,0.0,,245,Further from the nearest clinic or hospital,True,True
8942e44e087ffff,0.331974,0.0,0.353695,0.0,,245,Further from the nearest clinic or hospital,True,True
8942e44e08bffff,0.01,0.0,0.491299,0.0,,245,Further from the nearest clinic or hospital,True,True
8942e44e08fffff,0.01,0.0,0.379961,0.0,,245,Further from the nearest clinic or hospital,True,True
8942e44e093ffff,0.558369,0.0,0.428701,0.0,,245,Further from the nearest clinic or hospital; The ground here gets hotter on summer afternoons,True,True
8942e44e097ffff,0.595494,0.0,0.377129,0.0,,245,Further from the nearest clinic or hospital; The ground here gets hotter on summer afternoons,True,True
8942e44e09bffff,0.01,0.0,0.5,0.0,,245,Further from the nearest clinic or hospital,True,True
8942e44e0bbffff,0.227682,0.0,0.286457,0.0,,245,Further from the nearest clinic or hospital,True,True
8942e44e247ffff,0.695494,0.0,0.275929,0.0,,245,The ground here gets hotter on summer afternoons,True,True
8942e44e26bffff,0.6103,0.0,0.331788,0.0,,245,Further from the nearest clinic or hospital; The ground here gets hotter on summer afternoons,True,True
8942e44e26fffff,1.0,0.0,0.296971,0.0,,245,The ground here gets hotter on summer afternoons; Further from the nearest clinic or hospital,True,True
8942e44e27bffff,0.325322,0.0,0.275386,0.0,,245,Further from the nearest clinic or hospital,True,True
8942e44e407ffff,0.13691,0.0,0.25737,0.0,,245,Further from the nearest clinic or hospital,True,True
8942e44e413ffff,0.01,0.0,0.353337,0.0,,245,Further from the nearest clinic or hospital,True,True
8942e44e43bffff,0.541631,0.0,0.298668,0.0,,245,Further from the nearest clinic or hospital; The ground here gets hotter on summer afternoons,True,True
8942e44e46bffff,0.01,0.0,0.502814,0.0,,245,Further from the nearest clinic or hospital,True,True
8942e44e693ffff,0.37618,0.0,0.426797,0.0,,245,Further from the nearest clinic or hospital,True,True
8942e44e6a7ffff,0.264163,0.0,0.414559,0.0,,245,Further from the nearest clinic or hospital,True,True
